121080489201	Van Neckstraat	MULDER	File	1	0106000020E61000000100000001030000000100000008000000EA878CBD478E13409CB6DE92DF314A40F91B2F9B438E1340C57D7A03DE314A409A95DB0B3C8E1340535CE525DE314A40C7A811323C8E1340A1AA7C33DE314A404D5FB3343E8E1340C04A89F8DE314A40D3ED8807408E1340B048F9ACDF314A409CC60D11408E13403E9CBFB0DF314A40EA878CBD478E13409CB6DE92DF314A40	0101000020E61000007E1676E1418E1340F83582DBDE314A40	G0363.975548f1a072469eae582c874697ca46	rijbaan lokale weg	E13a	44
121035489129	Barentszstraat	MULDER	File	1	0106000020E61000000100000001030000000100000005000000207B8AB29F8D13406061D110CA314A405798A671A18D134051E0867CC9314A40F6FCC5558C8D13403F58B720C9314A4059ED84A08A8D1340062B03B5C9314A40207B8AB29F8D13406061D110CA314A40	0101000020E61000004E7D2707968D1340B23AC198C9314A40	G0363.1c05e85734a5416481b332910c2ff606	rijbaan lokale weg	E13a	80
121165489130	Bokkinghangen	FISCAAL	File	1	0106000020E6100000010000000103000000010000000500000036897020908F134043CE2CC0CA314A403999B3AF8E8F1340A896EA34C9314A40BB3A4A36878F1340A8C5383FC9314A4008A606A7888F1340F6FD7ACACA314A4036897020908F134043CE2CC0CA314A40	0101000020E6100000F1425DAB8B8F13406BCCB2FFC9314A40	G0363.30a96d3df9274775ac77f0883b94c4c9	rijbaan lokale weg	E13a	143
121106489145	Barentszstraat	FISCAAL	File	1	0106000020E61000000100000001030000000100000005000000EC1DDBC8B38E13402B70FF22CE314A40E08593409E8E1340AFD861C6CD314A40677AEF949C8E13406D1EB35DCE314A406C5B3913B28E1340D864D1BBCE314A40EC1DDBC8B38E13402B70FF22CE314A40	0101000020E6100000B3653F31A88E13405C21CB40CE314A40	G0363.5d4eb55eaf6b43d49188bd369b43565c	rijbaan lokale weg	E13a	125
121050489139	Barentszstraat	FISCAAL	File	1	0106000020E61000000100000001030000000100000005000000191340E9C58D1340922F6E7CCC314A4068F95A05D98D13403855ECCECC314A40B7453D93DA8D13407729DA39CC314A40072C919EC78D13401E5661E7CB314A40191340E9C58D1340922F6E7CCC314A40	0101000020E61000008BDB2646D08D13406DD2365BCC314A40	G0363.68e71c18e8b8485799906452adecd9bf	rijbaan lokale weg	E13a	101
121138489047	Zoutkeetsgracht	MULDER	File	1	0106000020E6100000010000000103000000010000000A00000030888C802F8F134056580EF0B1314A407C5F34C32F8F13408C4D679CB1314A40EB116B13308F1340FEE65D8DB1314A407DB0819E308F134013736081B1314A4087A0E546318F134069F86A78B1314A400A90850C328F1340FD763E73B1314A40B66DAADB328F13408548D871B1314A404259D77F188F13403FCB083BB1314A40102F05AD178F1340F34638D3B1314A4030888C802F8F134056580EF0B1314A40	0101000020E610000040312AC4238F1340D487D499B1314A40	G0363.fe3f9e40a27c4f27946b452b3f1fe973	rijbaan lokale weg	A05d	100
121173489140	Bokkinghangen	FISCAAL	File	1	0106000020E610000001000000010300000001000000050000004C4B57A1AD8F134066D4CCB0CD314A40801D9830AC8F134010A08A25CC314A4080B11AC1A48F1340C230192FCC314A408E77EC27A68F1340F4121BBBCD314A404C4B57A1AD8F134066D4CCB0CD314A40	0101000020E61000004C36A12EA98F1340CA0652F0CC314A40	G0363.30a96d3df9274775ac77f0883b94c4c9	rijbaan lokale weg	E13a	122
121061489191	Roggeveenstraat	FISCAAL	File	1	0106000020E61000000100000001030000000100000005000000584203EB048E134079E765D2DB314A4018342264038E1340857F6B3EDB314A40B9A42CF1EA8D1340F99627A0DB314A404F160D78EC8D134067012234DC314A40584203EB048E134079E765D2DB314A40	0101000020E610000015CD17EEF78D134026C046B9DB314A40	G0363.975548f1a072469eae582c874697ca46	rijbaan lokale weg	E13a	123
121080489079	Zoutkeetsgracht	MULDER	File	1	0106000020E610000001000000010300000001000000050000007117F5314D8E134044171451BB314A40FF74C3F14D8E13408E0058B1BA314A403FD25FD13A8E1340E56F1A8FBA314A402DA1B3113A8E1340AE85542DBB314A407117F5314D8E134044171451BB314A40	0101000020E6100000A1718805448E1340D9F1BEEFBA314A40	G0363.a7316b6d62e6444b87e0d9175a700cee	rijbaan lokale weg	E13a	88
121088489043	Zoutkeetsgracht	FISCAAL	File	1	0106000020E61000000100000001030000000100000006000000D2BB1494728E134012AA1EB2B0314A402FF4C143738E1340D8EA6AEAAF314A4074A38CB6598E1340ABF53BB8AF314A4083DA6186588E1340A673A383B0314A403F55F8065D8E1340D3B1898CB0314A40D2BB1494728E134012AA1EB2B0314A40	0101000020E6100000416C75F6658E13408F738736B0314A40	G0363.fe3f9e40a27c4f27946b452b3f1fe973	rijbaan lokale weg	A05d	109
121147489154	Barentszplein	FISCAAL	File	1	0106000020E61000000100000001030000000100000006000000DB2DA86A3C8F134071B07D1AD1314A4098D5EF374F8F13405A5AEF6CD1314A40665A14ED508F1340555364D9D0314A40E9B255284E8F134090F8B5CDD0314A405E29CD1F3E8F134092ABF286D0314A40DB2DA86A3C8F134071B07D1AD1314A40	0101000020E610000048DEB4AA468F1340894009FAD0314A40	G0363.5d4eb55eaf6b43d49188bd369b43565c	rijbaan lokale weg	E13a	116
121201489386	Silodam	FISCAAL	Haaks	1	0106000020E61000000100000001030000000100000005000000C514B62215901340A27496F715324A40C5E96AD117901340636C7E4115324A40801803D307901340A64C76F514324A409E4632600590134004424BA315324A40C514B62215901340A27496F715324A40	0101000020E6100000C2E5F49A0E9013401D99B07415324A40	G0363.5249881f858b422ea3264eca651765d9	transitie	E12b	10
121097489149	Barentszstraat	FISCAAL	File	1	0106000020E61000000100000001030000000100000006000000854A72E38C8E13400D3A9FE0CF314A40737FD18E8E8E134009F6514CCF314A40733BC4B77B8E1340E9031DF9CE314A4020519A027A8E13403DF2A78CCF314A400CE61B818B8E13406F7A67DACF314A40854A72E38C8E13400D3A9FE0CF314A40	0101000020E610000003AE814C848E1340FE6BB76CCF314A40	G0363.5d4eb55eaf6b43d49188bd369b43565c	rijbaan lokale weg	E13a	115
121230489274	Silodam	FISCAAL	Haaks	1	0106000020E61000000100000001030000000100000005000000DA13B8378B9013406671742CF5314A4033A904BE8D9013409807E580F4314A4027E697AD7B901340130EB51BF4314A402ED7F03A79901340571908C8F4314A40DA13B8378B9013406671742CF5314A40	0101000020E610000000191D7783901340524031A4F4314A40	G0363.5249881f858b422ea3264eca651765d9	transitie	E12b	154
121197489171	Barentszplein	FISCAAL	File	1	0106000020E6100000010000000103000000010000000500000099ACDE470E9013405EDE1FC9D6314A4098A4FEFC0F90134071C19435D6314A40E7838AF4FC8F1340BC1C1CE3D5314A4069F85649FB8F1340188AE775D6314A4099ACDE470E9013405EDE1FC9D6314A40	0101000020E6100000DD4E26A305901340C9D1F355D6314A40	G0363.91a283afd5c744508c1b3a79b60afb26	rijbaan lokale weg	E13a	73
121069489149	Van Neckstraat	FISCAAL	File	1	0106000020E61000000100000001030000000100000005000000213C82041E8E1340E5F9D6ECCF314A408F1B87B41A8E13401FE4EFA5CE314A40823A2388138E134011F5A2C4CE314A40CACE87CE168E1340B0B88408D0314A40213C82041E8E1340E5F9D6ECCF314A40	0101000020E6100000597E6DC5188E1340EB2DFC57CF314A40	G0363.3243cedec9b04aa2bcb6c61c139745ee	rijbaan lokale weg	E13a	74
121220489313	Silodam	FISCAAL	Haaks	1	0106000020E61000000100000001030000000100000005000000B33A1EDE60901340AAFFAFAA00324A407905A35A63901340B44B5EFEFF314A40CF42D022519013401FD56798FF314A40F5A126B04E9013406AD8BA4400324A40B33A1EDE60901340AAFFAFAA00324A40	0101000020E6100000F8E97803599013408F7D872100324A40	G0363.5249881f858b422ea3264eca651765d9	transitie	E12b	94
121017489074	Zoutkeetsgracht	FISCAAL	File	1	0106000020E61000000100000001030000000100000005000000888A75425D8D1340BAA23F82B9314A408804100B5E8D134013EC94EEB8314A40839DCF434B8D13402B1DDCC7B8314A40991B59714A8D13406C7E855BB9314A40888A75425D8D1340BAA23F82B9314A40	0101000020E61000005DB66F40548D1340CA841325B9314A40	G0363.afc19a0f79d14a909d5ca607718bc79d	rijbaan lokale weg	E13a	118
121109489235	Van Diemenstraat	MULDER	File	1	0106000020E61000000100000001030000000100000005000000B669CDE2BB8E1340A91182FBE8314A40D13E136FBA8E1340AE63926DE8314A40D09EDA2EA48E13404B40CEC5E8314A4054344DACA58E1340D5434155E9314A40B669CDE2BB8E1340A91182FBE8314A40	0101000020E610000009C3E905B08E134075531BE1E8314A40	G0363.a54320a77b8549bd9489030204b16fe6	rijbaan regionale weg	E13a	8
121084489221	Van Neckstraat	MULDER	File	1	0106000020E6100000010000000103000000010000000500000067C1299C578E1340EDAD3687E5314A4074D8FF6F538E1340BF2610F7E3314A40931DFEA54B8E13402E172C14E4314A40412B29C84F8E1340B94CD3A5E5314A4067C1299C578E1340EDAD3687E5314A40	0101000020E61000005653A29E518E1340AF284DCEE4314A40	G0363.3243cedec9b04aa2bcb6c61c139745ee	rijbaan lokale weg	E13a	10
121013489073	Zoutkeetsgracht	FISCAAL	File	1	0106000020E61000000100000001030000000100000005000000991B59714A8D13406C7E855BB9314A40839DCF434B8D13402B1DDCC7B8314A40E0ECB372388D13400AE221A1B8314A40BA8B2BA0378D13402E428C35B9314A40991B59714A8D13406C7E855BB9314A40	0101000020E6100000C81CFD6F418D1340322A7FFEB8314A40	G0363.afc19a0f79d14a909d5ca607718bc79d	rijbaan lokale weg	E13a	130
121045489137	Barentszstraat	FISCAAL	File	1	0106000020E61000000100000001030000000100000005000000191340E9C58D1340922F6E7CCC314A40072C919EC78D13401E5661E7CB314A400DA0E5A9B48D1340816AE894CB314A40750D0412B38D1340073E7B2BCC314A40191340E9C58D1340922F6E7CCC314A40	0101000020E6100000EEE8874EBD8D13408220EC08CC314A40	G0363.68e71c18e8b8485799906452adecd9bf	rijbaan lokale weg	E13a	111
121184489161	Barentszplein	FISCAAL	File	1	0106000020E6100000010000000103000000010000000500000031DD4F41DB8F1340D61F0FCBD3314A4076BC72ECDC8F1340EDB50439D3314A400827B6BCC98F1340BC8404E5D2314A408ACD4B1BC88F13402B3F9278D3314A4031DD4F41DB8F1340D61F0FCBD3314A40	0101000020E6100000FC39F57DD28F13408C895258D3314A40	G0363.91a283afd5c744508c1b3a79b60afb26	rijbaan lokale weg	E13a	111
121024489127	Barentszstraat	FISCAAL	File	1	0106000020E610000001000000010300000001000000080000003A70918E758D1340BAD67358C9314A401343B043778D13404B06AAC5C8314A4095BA76B0708D134094BBA2A9C8314A40599D78A7668D1340BFCA4E7DC8314A400BFBBD31628D13406D961A69C8314A40DF418D7C608D13406864A5FCC8314A40E1F493AC6F8D13406C78C73EC9314A403A70918E758D1340BAD67358C9314A40	0101000020E6100000F19D0CDD6B8D134007192CE1C8314A40	G0363.1c05e85734a5416481b332910c2ff606	rijbaan lokale weg	E13a	147
121157489156	Barentszplein	FISCAAL	File	1	0106000020E610000001000000010300000001000000060000007850020F628F13405B3F23C0D1314A4005124BDC748F13407DB99412D2314A4033C28187768F1340265BC97FD1314A40EA41D4C2738F134070075A73D1314A4066C74ABA638F13402AE3962CD1314A407850020F628F13405B3F23C0D1314A40	0101000020E6100000576BCC496C8F13408450B29FD1314A40	\N	\N	E13a	127
121059489077	Zoutkeetsgracht	FISCAAL	File	1	0106000020E61000000100000001030000000100000005000000C63B7875FE8D1340A439C4BEBA314A402DE7BD34FF8D1340B2261025BA314A40CC282159EB8D1340F2F4F701BA314A408299EAA3EA8D1340EE5A6A99BA314A40C63B7875FE8D1340A439C4BEBA314A40	0101000020E61000004B2E3DF0F48D1340A8B8D45FBA314A40	G0363.a7316b6d62e6444b87e0d9175a700cee	rijbaan lokale weg	E13a	116
121085489200	Van Neckstraat	FISCAAL	File	1	0106000020E61000000100000001030000000100000005000000BD9FAABA5C8E1340669C9621DF314A40C23E1AEE588E1340B958A9B2DD314A4015E07410518E1340D8A401CFDD314A4088F99AE6548E13400A3EF440DF314A40BD9FAABA5C8E1340669C9621DF314A40	0101000020E6100000EC7F83E6568E134078CE0C79DE314A40	G0363.3243cedec9b04aa2bcb6c61c139745ee	rijbaan lokale weg	E13a	77
121182489457	Silodam	FISCAAL	Haaks	1	0106000020E6100000010000000103000000010000000500000015549876CD8F1340E72240102B324A40BAD4F0FCCF8F1340C4DDB0642A324A4011B757B1BD8F1340CC0CF6FD29324A4057E4A43EBB8F13404EF448AA2A324A4015549876CD8F1340E72240102B324A40	0101000020E610000001B66A98C58F13400AC337872A324A40	G0363.8ee8f864e14648699fad0601d1740bc6	transitie	E12b	82
121114489082	Zoutkeetsgracht	FISCAAL	File	1	0106000020E61000000100000001030000000100000005000000968E9BCED18E1340559FA049BC314A40D8716899D28E1340A7D5149DBB314A4067F44CAABF8E13407991DE7ABB314A401B2BA2DFBE8E13402F5AE825BC314A40968E9BCED18E1340559FA049BC314A40	0101000020E610000088D0FFBFC88E134018D3E6E1BB314A40	G0363.a7316b6d62e6444b87e0d9175a700cee	rijbaan lokale weg	E13a	133
121194489411	Silodam	FISCAAL	Haaks	1	0106000020E610000001000000010300000001000000050000004A29713DFA8F1340745040711D324A405D4ED488FC8F1340201366C31C324A40C3F95C77EC8F13402C31D16F1C324A40DFF22E22EA8F13406419E91C1D324A404A29713DFA8F1340745040711D324A40	0101000020E610000025BDD958F38F1340A7F967F01C324A40	G0363.8ee8f864e14648699fad0601d1740bc6	transitie	E12b	62
121166489145	Barentszplein	FISCAAL	File	1	0106000020E610000001000000010300000001000000050000008F4D6372948F1340A972F764CF314A404963C801938F1340403C33D8CD314A403C765D888B8F1340616D81E2CD314A405CE33EEF8C8F1340A551C26DCF314A408F4D6372948F1340A972F764CF314A40	0101000020E6100000B230B4FB8F8F134016597FA3CE314A40	G0363.5d4eb55eaf6b43d49188bd369b43565c	rijbaan lokale weg	E13a	127
121152489155	Barentszplein	FISCAAL	File	1	0106000020E610000001000000010300000001000000050000007850020F628F13405B3F23C0D1314A4066C74ABA638F13402AE3962CD1314A40665A14ED508F1340555364D9D0314A4036CAA8414F8F134055AD726ED1314A407850020F628F13405B3F23C0D1314A40	0101000020E6100000DEBB257A598F1340E794104DD1314A40	G0363.5d4eb55eaf6b43d49188bd369b43565c	rijbaan lokale weg	E13a	108
121134489084	Zoutkeetsgracht	FISCAAL	File	1	0106000020E610000001000000010300000001000000050000002ED8948A1D8F1340D7C1BFD7BC314A4047CAC3691E8F1340A19AAC23BC314A403562A77A0B8F13406CB77601BC314A409E7E9A9B0A8F134087DD07B4BC314A402ED8948A1D8F1340D7C1BFD7BC314A40	0101000020E610000078380386148F1340C351426CBC314A40	G0363.a7316b6d62e6444b87e0d9175a700cee	rijbaan lokale weg	E13a	132
121191489423	Silodam	FISCAAL	Haaks	1	0106000020E6100000010000000103000000010000000500000052C1FBB0EE8F1340BFD73DD420324A40684F4EFCF08F1340719C242720324A40A23BE2AFE08F134017BE44D11F324A404B30A25ADE8F134025A41D7F20324A4052C1FBB0EE8F1340BFD73DD420324A40	0101000020E6100000C8B515ACE78F13404AF5ED5220324A40	G0363.8ee8f864e14648699fad0601d1740bc6	transitie	E12b	78
121134489042	Zoutkeetsgracht	FISCAAL	File	1	0106000020E61000000100000001030000000100000005000000DF2409CF1E8F13400D745170B0314A40464B698E1F8F1340A1511BD5AF314A406AE180DA0A8F1340427CDFABAF314A40E87E311B0A8F1340A49D5446B0314A40DF2409CF1E8F13400D745170B0314A40	0101000020E61000003A28EAD6148F13406B09ED0DB0314A40	G0363.fe3f9e40a27c4f27946b452b3f1fe973	rijbaan lokale weg	A05d	100
121077489158	Van Neckstraat	FISCAAL	File	1	0106000020E610000001000000010300000001000000050000006E45B2C23B8E134068D6DFC3D2314A40E47F01D0378E1340333A9A46D1314A4089D2B2F12F8E1340A1747C6AD1314A4094A0EFDA338E13405BBF3AE3D2314A406E45B2C23B8E134068D6DFC3D2314A40	0101000020E61000006C6EB9D9358E134012FBF915D2314A40	G0363.3243cedec9b04aa2bcb6c61c139745ee	rijbaan lokale weg	E13a	63
121176489483	Silodam	FISCAAL	Haaks	1	0106000020E61000000100000001030000000100000005000000DA787F35B28F1340287E48AA32324A40F4C0B476B48F13409DFA310032324A40FD99E302A38F13402225A4A531324A401413D2B7A08F13402D53B94F32324A40DA787F35B28F1340287E48AA32324A40	0101000020E610000022D23A99AA8F13401D6AFB2732324A40	G0363.8ee8f864e14648699fad0601d1740bc6	transitie	E12b	88
121170489105	Bokkinghangen	FISCAAL	File	1	0106000020E610000001000000010300000001000000060000009AE49A229D8F1340D5F48088C3314A4083EDC2199D8F134062A2307DC3314A40A572E1A6A48F1340DA0DE572C3314A402DD0AF2CA38F134058841BE3C1314A40D2626DA99B8F1340FF6A68EDC1314A409AE49A229D8F1340D5F48088C3314A40	0101000020E610000065EA8025A08F1340E69C59B0C2314A40	G0363.30a96d3df9274775ac77f0883b94c4c9	rijbaan lokale weg	E13a	127
121164489111	Bokkinghangen	MULDER	File	1	0106000020E610000001000000010300000001000000050000005EE0B4038B8F13403DBD6110C5314A40912FB6B8898F13402DCFFD97C3314A4089B34E3F828F1340C8FB4BA2C3314A402B09049E838F13404790B21AC5314A405EE0B4038B8F13403DBD6110C5314A40	0101000020E61000000BF917A6868F13402FE10459C4314A40	G0363.30a96d3df9274775ac77f0883b94c4c9	rijbaan lokale weg	E13a	43
121174489488	Silodam	FISCAAL	Haaks	1	0106000020E61000000100000001030000000100000005000000D1CE25B3AD8F13401784B4FD33324A40535C5BF4AF8F134058019E5333324A40C3B7D16C9E8F1340E1800DF932324A400DAD9B2B9C8F1340F60024A333324A40D1CE25B3AD8F13401784B4FD33324A40	0101000020E6100000ECA2FB0FA68F13403902617B33324A40	G0363.8ee8f864e14648699fad0601d1740bc6	transitie	E12b	95
121198489397	Silodam	FISCAAL	Haaks	1	0106000020E610000001000000010300000001000000050000000022E5B408901340E0A9614B19324A4036813B310B9013408C0653A118324A4054AE6DD1FB8F13407603934B18324A4000BC9872F98F1340019C66F618324A400022E5B408901340E0A9614B19324A40	0101000020E61000001541B54A02901340C98F8ECB18324A40	G0363.5249881f858b422ea3264eca651765d9	transitie	E12b	72
121200489388	Silodam	FISCAAL	Haaks	1	0106000020E61000000100000001030000000100000005000000A04F4DB0129013406E6CE5A016324A40C514B62215901340A27496F715324A409E4632600590134004424BA315324A40A2326F010390134052DC5D4D16324A40A04F4DB0129013406E6CE5A016324A40	0101000020E61000009192C60C0C901340EE05332216324A40	G0363.5249881f858b422ea3264eca651765d9	transitie	E12b	86
121010489201	Roggeveenstraat	FISCAAL	File	1	0106000020E610000001000000010300000001000000050000003498A69F3D8D134085A154EDDE314A40C723B9183C8D134058251B5ADE314A40A0A4295A288D1340AE37DEA8DE314A40339B16E1298D1340DBB5173CDF314A403498A69F3D8D134085A154EDDE314A40	0101000020E6100000A8FFE7FC328D1340686D19CBDE314A40	G0363.975548f1a072469eae582c874697ca46	rijbaan lokale weg	E13a	89
121213489175	Barentszplein	FISCAAL	File	1	0106000020E6100000010000000103000000010000000600000023A0A65836901340B4A1A076D7314A400E4C67434B90134096C1A4D1D7314A4018E1E21F4D9013401DE7DF3ED7314A4011A368BD4D9013402E0D3841D7314A406D01EA0338901340B92D14E3D6314A4023A0A65836901340B4A1A076D7314A40	0101000020E610000053ACBCB14190134028AC625AD7314A40	G0363.1028f1a6e6fa4556b401e8b837d995f9	rijbaan lokale weg	E13a	75
121104489081	Zoutkeetsgracht	FISCAAL	File	1	0106000020E610000001000000010300000001000000050000004F05A9F0AB8E1340D3FC2F02BC314A40675B20BBAC8E13400A356959BB314A40166F18C2998E1340E76CF237BB314A406D38C3F7988E1340B13337DFBB314A404F05A9F0AB8E1340D3FC2F02BC314A40	0101000020E6100000E25C02DDA28E1340D96FB89CBB314A40	G0363.a7316b6d62e6444b87e0d9175a700cee	rijbaan lokale weg	E13a	101
121172489134	Bokkinghangen	FISCAAL	File	1	0106000020E610000001000000010300000001000000060000002ABD77D3A48F1340D9D52F3ECC314A40ABA9D3CAA48F134084839C30CC314A40801D9830AC8F134010A08A25CC314A40E55B4C9EAA8F13407222AC58CA314A40E589CF2EA38F134061B23A62CA314A402ABD77D3A48F1340D9D52F3ECC314A40	0101000020E6100000557DA7B0A78F1340191D2D44CB314A40	G0363.30a96d3df9274775ac77f0883b94c4c9	rijbaan lokale weg	E13a	126
121219489315	Silodam	FISCAAL	Haaks	1	0106000020E61000000100000001030000000100000005000000DAE4CE575E901340DB603F5601324A40B33A1EDE60901340AAFFAFAA00324A40F5A126B04E9013406AD8BA4400324A40E4DA7C3D4C9013403DDB0DF100324A40DAE4CE575E901340DB603F5601324A40	0101000020E610000054A66E8856901340A2B299CD00324A40	G0363.5249881f858b422ea3264eca651765d9	transitie	E12b	102
121029489128	Barentszstraat	MULDER	File	1	0106000020E6100000010000000103000000010000000500000059ED84A08A8D1340062B03B5C9314A40F6FCC5558C8D13403F58B720C9314A401343B043778D13404B06AAC5C8314A403A70918E758D1340BAD67358C9314A4059ED84A08A8D1340062B03B5C9314A40	0101000020E6100000F0427DF6808D1340D2950B3DC9314A40	G0363.1c05e85734a5416481b332910c2ff606	rijbaan lokale weg	E13a	43
121204489166	Barentszplein	FISCAAL	File	1	0106000020E61000000100000001030000000100000005000000CA1B8D0A2890134044478A16D5314A40986E2E8E29901340C08A3B85D4314A40F397286816901340580FBF32D4314A4066B529BD14901340CE7F47C3D4314A40CA1B8D0A2890134044478A16D5314A40	0101000020E610000007BC8A2F1F90134017508DA4D4314A40	G0363.91a283afd5c744508c1b3a79b60afb26	rijbaan lokale weg	E13a	122
121131489156	Barentszplein	FISCAAL	File	1	0106000020E61000000100000001030000000100000005000000364ED8A9118F134069C34C0ED2314A403379FE5E138F134097C3C17AD1314A4058FAC891008F1340B5CD8E27D1314A40F6475BE6FE8E13408C1E9DBCD1314A40364ED8A9118F134069C34C0ED2314A40	0101000020E610000004ADE11C098F1340138D369BD1314A40	G0363.5d4eb55eaf6b43d49188bd369b43565c	rijbaan lokale weg	E13a	26
121054489077	Zoutkeetsgracht	FISCAAL	File	1	0106000020E610000001000000010300000001000000050000008299EAA3EA8D1340EE5A6A99BA314A40CC282159EB8D1340F2F4F701BA314A4005AA847DD78D13408BA8DFDEB9314A40145070C8D68D1340A20DD074BA314A408299EAA3EA8D1340EE5A6A99BA314A40	0101000020E6100000AD9AF314E18D1340C326CD3BBA314A40	G0363.afc19a0f79d14a909d5ca607718bc79d	rijbaan lokale weg	E13a	110
121200489390	Silodam	FISCAAL	Haaks	1	0106000020E61000000100000001030000000100000005000000BFAE0834109013403D11334A17324A40A04F4DB0129013406E6CE5A016324A40A2326F010390134052DC5D4D16324A409B45BDA2009013403F76AFF616324A40BFAE0834109013403D11334A17324A40	0101000020E61000008EA995A309901340D67CB6CB16324A40	G0363.5249881f858b422ea3264eca651765d9	transitie	E12b	64
121008489073	Zoutkeetsgracht	FISCAAL	File	1	0106000020E61000000100000001030000000100000005000000BA8B2BA0378D13402E428C35B9314A40E0ECB372388D13400AE221A1B8314A40A67E98A1258D1340F38E677AB8314A40F9A00FCF248D13400DEED10EB9314A40BA8B2BA0378D13402E428C35B9314A40	0101000020E6100000B4E5E1A02E8D1340A1E8F9D7B8314A40	G0363.afc19a0f79d14a909d5ca607718bc79d	rijbaan lokale weg	E13a	115
121176489481	Silodam	FISCAAL	Haaks	1	0106000020E61000000100000001030000000100000005000000F4C0B476B48F13409DFA310032324A40C3C45FCCB68F1340E41CD34D31324A40F1A5B42FA58F13409CFD140331324A40FD99E302A38F13402225A4A531324A40F4C0B476B48F13409DFA310032324A40	0101000020E6100000060680FFAC8F134076805A7E31324A40	G0363.8ee8f864e14648699fad0601d1740bc6	transitie	E12b	86
121112489152	Barentszstraat	FISCAAL	File	1	0106000020E61000000100000001030000000100000005000000380C1724C58E1340603FEDD4D0314A40F47150D9C68E13406D48A140D0314A40EAC80B0CB48E134055F12EEECF314A407282AD60B28E134092397C82D0314A40380C1724C58E1340603FEDD4D0314A40	0101000020E6100000CC29069BBC8E1340F0168A61D0314A40	G0363.5d4eb55eaf6b43d49188bd369b43565c	rijbaan lokale weg	E13a	113
121089489215	Van Neckstraat	FISCAAL	File	1	0106000020E610000001000000010300000001000000050000004287639C688E13403C9D6C9CE3314A400A0F4253648E1340ED1F7905E2314A404949C49C5C8E134086C0DA24E2314A40CBB563C8608E1340174509BBE3314A404287639C688E13403C9D6C9CE3314A40	0101000020E6100000B6A3E096628E1340D77AE3E0E2314A40	G0363.3243cedec9b04aa2bcb6c61c139745ee	rijbaan lokale weg	E13a	66
121086489205	Van Neckstraat	FISCAAL	File	1	0106000020E610000001000000010300000001000000070000007592C1BC588E134006D6E6B2E0314A401CCB1887608E1340D3DE0592E0314A406577CC6F5D8E134081CE4A66DF314A40BD9FAABA5C8E1340669C9621DF314A4088F99AE6548E13400A3EF440DF314A40EAB9BC9B558E13407F70A885DF314A407592C1BC588E134006D6E6B2E0314A40	0101000020E61000009BEBF4B75A8E13403B2DCAE9DF314A40	G0363.3243cedec9b04aa2bcb6c61c139745ee	rijbaan lokale weg	E13a	77
121033489202	Roggeveenstraat	FISCAAL	File	1	0106000020E6100000010000000103000000010000000500000027BA8D82828D1340E5FBAAFFDE314A409F9A6000848D13401B1D988ADF314A401CB571BF988D13408D1DB439DF314A40DBC5861A978D1340DBADFCAADE314A4027BA8D82828D1340E5FBAAFFDE314A40	0101000020E61000001D8D97A48D8D13400580971BDF314A40	G0363.975548f1a072469eae582c874697ca46	rijbaan lokale weg	E13a	70
121089489141	Barentszstraat	FISCAAL	File	1	0106000020E61000000100000001030000000100000005000000E461F339738E1340619F660CCD314A40C5E8ADB15D8E1340FDA9C8AFCC314A4053463C065C8E134093E8D644CD314A4058028484718E1340AF8CF5A2CD314A40E461F339738E1340619F660CCD314A40	0101000020E6100000499383A2678E1340CC001129CD314A40	G0363.5d4eb55eaf6b43d49188bd369b43565c	rijbaan lokale weg	E13a	131
121197489402	Silodam	FISCAAL	Haaks	1	0106000020E61000000100000001030000000100000007000000C1F037BC039013401DEF7E9F1A324A40839C8E3806901340BE4C70F519324A408C39F909F78F134084E177A019324A4061C878B5F48F134021CC05461A324A40DA35AAA1F58F1340B18AAB4A1A324A40F167688DF58F13400BE5B0501A324A40C1F037BC039013401DEF7E9F1A324A40	0101000020E61000007A1AA06BFD8F134037070D201A324A40	G0363.8ee8f864e14648699fad0601d1740bc6	transitie	E12b	79
121169489094	Bokkinghangen	FISCAAL	File	1	0106000020E6100000010000000103000000010000000500000066A348BCA18F13403E4D1454C0314A40AFA9E14BA08F1340C2150DC5BE314A404198B1C8988F134002FB98CEBE314A40AEBC06399A8F13402F33615EC0314A4066A348BCA18F13403E4D1454C0314A40	0101000020E61000001BBA2E429D8F134097A98A91BF314A40	G0363.30a96d3df9274775ac77f0883b94c4c9	rijbaan lokale weg	E13a	108
121007489123	Barentszstraat	FISCAAL	File	1	0106000020E61000000100000001030000000100000005000000D6C3BC4E368D13406AD14544C8314A40C2EAFF03388D13405908FAAFC7314A403DB50FF2228D1340813E6A53C7314A409708CC3C218D13401F05B6E7C7314A40D6C3BC4E368D13406AD14544C8314A40	0101000020E6100000A51A66A02C8D1340A907D8CBC7314A40	G0363.1c05e85734a5416481b332910c2ff606	rijbaan lokale weg	E13a	116
121199489165	Barentszplein	FISCAAL	File	1	0106000020E6100000010000000103000000010000000600000066B529BD14901340CE7F47C3D4314A40F397286816901340580FBF32D4314A40D0491D7D0490134065CDB3E5D3314A408050234203901340287B42E0D3314A4061F723970190134072E9CA70D4314A4066B529BD14901340CE7F47C3D4314A40	0101000020E6100000345EE2FF0B901340711ECF51D4314A40	G0363.91a283afd5c744508c1b3a79b60afb26	rijbaan lokale weg	E13a	137
121075489079	Zoutkeetsgracht	FISCAAL	File	1	0106000020E610000001000000010300000001000000050000002DA1B3113A8E1340AE85542DBB314A403FD25FD13A8E1340E56F1A8FBA314A408DC7E6EB268E13404B3A016CBA314A4026C05C2C268E13401F4FB908BB314A402DA1B3113A8E1340AE85542DBB314A40	0101000020E6100000CAA0DC82308E13409FC052CCBA314A40	G0363.a7316b6d62e6444b87e0d9175a700cee	rijbaan lokale weg	E13a	123
121099489081	Zoutkeetsgracht	FISCAAL	File	1	0106000020E610000001000000010300000001000000050000006D38C3F7988E1340B13337DFBB314A40166F18C2998E1340E76CF237BB314A40CB49ECD2868E1340F8DF7C16BB314A406C8DCA08868E1340D5A57EBBBB314A406D38C3F7988E1340B13337DFBB314A40	0101000020E61000005ED6D6EA8F8E1340631A557ABB314A40	G0363.a7316b6d62e6444b87e0d9175a700cee	rijbaan lokale weg	E13a	110
121198489395	Silodam	FISCAAL	Haaks	1	0106000020E61000000100000001030000000100000007000000FD30566A0C901340540BCD4D18324A402905A3AD0D901340D06283F617324A4054321E3AFE8F134017BDC0A017324A408E31E9B9FC8F134074739C0B18324A4054AE6DD1FB8F13407603934B18324A4036813B310B9013408C0653A118324A40FD30566A0C901340540BCD4D18324A40	0101000020E6100000D6D866BC049013404DFA012118324A40	G0363.5249881f858b422ea3264eca651765d9	transitie	E12b	90
121170489100	Bokkinghangen	FISCAAL	File	1	0106000020E610000001000000010300000001000000050000002DD0AF2CA38F134058841BE3C1314A4066A348BCA18F13403E4D1454C0314A40AEBC06399A8F13402F33615EC0314A40D2626DA99B8F1340FF6A68EDC1314A402DD0AF2CA38F134058841BE3C1314A40	0101000020E6100000EC26DBB29E8F1340455EBE20C1314A40	G0363.30a96d3df9274775ac77f0883b94c4c9	rijbaan lokale weg	E13a	123
121069489078	Zoutkeetsgracht	FISCAAL	File	1	0106000020E6100000010000000103000000010000000500000026C05C2C268E13401F4FB908BB314A408DC7E6EB268E13404B3A016CBA314A4047894910138E1340CE3DE948BA314A406D0AF350128E1340B8515EE3BA314A4026C05C2C268E13401F4FB908BB314A40	0101000020E610000055BC79A41C8E1340A9564DA8BA314A40	G0363.a7316b6d62e6444b87e0d9175a700cee	rijbaan lokale weg	E13a	134
121117489147	Barentszstraat	FISCAAL	File	1	0106000020E61000000100000001030000000100000006000000F083CD19DD8E134077E78C76CF314A403AAD36E3DE8E13408A94FCDCCE314A40FB141251C98E134057E85D80CE314A40A3DF709BC78E13407BDF2F19CF314A400E399BB7D98E13409741C567CF314A40F083CD19DD8E134077E78C76CF314A40	0101000020E61000002CB1783DD38E13407C7343FBCE314A40	G0363.5d4eb55eaf6b43d49188bd369b43565c	rijbaan lokale weg	E13a	116
121193489416	Silodam	FISCAAL	Haaks	1	0106000020E610000001000000010300000001000000050000001005E09CF58F1340437732CC1E324A40DE2B1FF2F78F1340658D591E1E324A40550E25C3E78F13408EAEFFC91D324A409E041B64E58F1340454316771E324A401005E09CF58F1340437732CC1E324A40	0101000020E61000004C2F76AEEE8F1340BF48F84A1E324A40	G0363.8ee8f864e14648699fad0601d1740bc6	transitie	E12b	76
121217489325	Silodam	FISCAAL	Haaks	1	0106000020E6100000010000000103000000010000000500000045D9374854901340F532C10604324A406C1499CE56901340C1D3705A03324A4051F3A2DB44901340908E05F602324A402693F86842901340898F58A203324A4045D9374854901340F532C10604324A40	0101000020E61000006391EE974C9013405D3B5A7E03324A40	G0363.5249881f858b422ea3264eca651765d9	transitie	E12b	82
121163489100	Bokkinghangen	FISCAAL	File	1	0106000020E6100000010000000103000000010000000500000081EE9548888F13400996F205C2314A40657051E2868F13406FAFE873C0314A40D951FC687F8F1340A9DA757DC0314A40EE4840CF808F1340F6C17F0FC2314A4081EE9548888F13400996F205C2314A40	0101000020E61000008400C9D8838F1340E33AB441C1314A40	G0363.30a96d3df9274775ac77f0883b94c4c9	rijbaan lokale weg	E13a	124
121189489430	Silodam	FISCAAL	Haaks	1	0106000020E610000001000000010300000001000000050000004ECF8C9CD98F1340B5C94AD921324A4048004E3DD78F1340AD5BA48822324A40DB8327C5E78F13408B3488DB22324A40E4316910EA8F13406BFA2F2F22324A404ECF8C9CD98F1340B5C94AD921324A40	0101000020E610000098FC4CA5E08F13402AC8105B22324A40	G0363.8ee8f864e14648699fad0601d1740bc6	transitie	E12b	83
121211489349	Silodam	MULDER	Haaks	1	0106000020E6100000010000000103000000010000000500000078EF43A93C9013407BA485100B324A40EA1542453F901340F3EF1B4F0A324A40F16372F82D9013405F079CFA09324A40B04F22532B901340C266FCB50A324A4078EF43A93C9013407BA485100B324A40	0101000020E6100000D2B2C75835901340E2655E840A324A40	G0363.5249881f858b422ea3264eca651765d9	transitie	E12b	83
121163489105	Bokkinghangen	FISCAAL	File	1	0106000020E61000000100000001030000000100000005000000912FB6B8898F13402DCFFD97C3314A4081EE9548888F13400996F205C2314A40EE4840CF808F1340F6C17F0FC2314A4089B34E3F828F1340C8FB4BA2C3314A40912FB6B8898F13402DCFFD97C3314A40	0101000020E6100000AECDAD43858F1340D0D1F2D3C2314A40	G0363.30a96d3df9274775ac77f0883b94c4c9	rijbaan lokale weg	E13a	135
121035489135	Barentszstraat	FISCAAL	File	1	0106000020E61000000100000001030000000100000005000000E35D20818D8D1340B10F9989CB314A401292C83AA08D13408B3488DACB314A40BE9B1AF0A18D13406A5F7B45CB314A4088ABA82C8F8D13408EE8C9F3CA314A40E35D20818D8D1340B10F9989CB314A40	0101000020E6100000C5A1BDB4978D13409E7B4B67CB314A40	G0363.1c05e85734a5416481b332910c2ff606	rijbaan lokale weg	E13a	93
121020489132	Barentszstraat	MULDER	File	1	0106000020E61000000100000001030000000100000005000000E9163C19538D134073F6718DCA314A4062A374E6678D1340C42DF4E6CA314A40ADEA7BC3698D13408BB0E84ECA314A4052F9E6CE548D13406F2AA0F4C9314A40E9163C19538D134073F6718DCA314A40	0101000020E6100000DD237D645E8D1340CC41E26DCA314A40	G0363.1c05e85734a5416481b332910c2ff606	rijbaan lokale weg	E13a	113
121194489163	Barentszplein	FISCAAL	File	1	0106000020E6100000010000000103000000010000000500000061F723970190134072E9CA70D4314A408050234203901340287B42E0D3314A40C12F411CF08F134047CE438CD3314A405B143071EE8F1340643A8D1DD4314A4061F723970190134072E9CA70D4314A40	0101000020E61000005423ABD7F88F1340E676ADFED3314A40	G0363.91a283afd5c744508c1b3a79b60afb26	rijbaan lokale weg	E13a	131
121040489130	Barentszstraat	MULDER	File	1	0106000020E61000000100000001030000000100000005000000144C6CCEB48D1340D9CDA06CCA314A40F1AEBD83B68D13403DF693D7C9314A405798A671A18D134051E0867CC9314A40207B8AB29F8D13406061D110CA314A40144C6CCEB48D1340D9CDA06CCA314A40	0101000020E61000004353381FAB8D1340DB6771F4C9314A40	G0363.68e71c18e8b8485799906452adecd9bf	rijbaan lokale weg	E13a	103
121209489167	Barentszplein	MULDER	File	1	0106000020E61000000100000001030000000100000005000000EE30EB923C90134021433E6FD5314A40DA1CE93D3E90134033CEB5DED4314A40986E2E8E29901340C08A3B85D4314A40CA1B8D0A2890134044478A16D5314A40EE30EB923C90134021433E6FD5314A40	0101000020E610000047CD531A33901340CBDB55FAD4314A40	G0363.91a283afd5c744508c1b3a79b60afb26	rijbaan lokale weg	E13a	124
121197489399	Silodam	FISCAAL	Haaks	1	0106000020E61000000100000001030000000100000005000000839C8E3806901340BE4C70F519324A400022E5B408901340E0A9614B19324A4000BC9872F98F1340019C66F618324A408C39F909F78F134084E177A019324A40839C8E3806901340BE4C70F519324A40	0101000020E610000061027EDBFF8F1340DE3ADF7519324A40	G0363.5249881f858b422ea3264eca651765d9	transitie	E12b	85
121088489147	Barentszstraat	MULDER	File	1	0106000020E61000000100000001030000000100000005000000396C184A568E13409D6D52F3CE314A409D77C6F96A8E1340E13DCF4CCF314A40D456CCB86C8E1340E7A445B9CE314A40D8DA5209588E134034D7855DCE314A40396C184A568E13409D6D52F3CE314A40	0101000020E6100000C7C3257B618E134087849BD5CE314A40	G0363.5d4eb55eaf6b43d49188bd369b43565c	rijbaan lokale weg	E13a	113
121193489413	Silodam	FISCAAL	Haaks	1	0106000020E61000000100000001030000000100000005000000DE2B1FF2F78F1340658D591E1E324A404A29713DFA8F1340745040711D324A40DFF22E22EA8F13406419E91C1D324A40550E25C3E78F13408EAEFFC91D324A40DE2B1FF2F78F1340658D591E1E324A40	0101000020E610000041A34504F18F1340C157AD9D1D324A40	G0363.8ee8f864e14648699fad0601d1740bc6	transitie	E12b	64
121166489135	Bokkinghangen	FISCAAL	File	1	0106000020E61000000100000001030000000100000005000000F00D0B91918F13406F05F14CCC314A4036897020908F134043CE2CC0CA314A4008A606A7888F1340F6FD7ACACA314A40F843C3178A8F1340E135BD55CC314A40F00D0B91918F13406F05F14CCC314A40	0101000020E6100000BAB6A51C8D8F134015FB4D8BCB314A40	G0363.30a96d3df9274775ac77f0883b94c4c9	rijbaan lokale weg	E13a	114
121064489078	Zoutkeetsgracht	FISCAAL	File	1	0106000020E610000001000000010300000001000000050000006D0AF350128E1340B8515EE3BA314A4047894910138E1340CE3DE948BA314A402DE7BD34FF8D1340B2261025BA314A40C63B7875FE8D1340A439C4BEBA314A406D0AF350128E1340B8515EE3BA314A40	0101000020E6100000DD4CEAC4088E1340E64A0B84BA314A40	G0363.a7316b6d62e6444b87e0d9175a700cee	rijbaan lokale weg	E13a	125
121210489353	Silodam	FISCAAL	Haaks	1	0106000020E61000000100000001030000000100000005000000B21317272990134055A540500B324A40051EB777269013401FB1E20D0C324A40BB6F8813389013401736EB600C324A40B578915E3A9013409DEDD5B60B324A40B21317272990134055A540500B324A40	0101000020E6100000418B425A30901340D430B4DC0B324A40	G0363.5249881f858b422ea3264eca651765d9	transitie	E12b	92
121149489085	Zoutkeetsgracht	FISCAAL	File	1	0106000020E61000000100000001030000000100000005000000F041AB87438F1340963BDC0DBD314A40CBBD46BD568F1340DC1C851FBD314A402E3C9723578F1340090D0888BC314A407B7CFB51448F13408E6B9766BC314A40F041AB87438F1340963BDC0DBD314A40	0101000020E61000001D421E454D8F134082BD03C7BC314A40	G0363.a7316b6d62e6444b87e0d9175a700cee	rijbaan lokale weg	E13a	131
121129489083	Zoutkeetsgracht	FISCAAL	File	1	0106000020E610000001000000010300000001000000050000009E7E9A9B0A8F134087DD07B4BC314A403562A77A0B8F13406CB77601BC314A40B1539E81F88E1340AE6800E0BB314A409C0E8FACF78E134002E11091BC314A409E7E9A9B0A8F134087DD07B4BC314A40	0101000020E61000009D71AF94018F1340B80DA449BC314A40	G0363.a7316b6d62e6444b87e0d9175a700cee	rijbaan lokale weg	E13a	137
121102489150	Barentszstraat	FISCAAL	File	1	0106000020E610000001000000010300000001000000060000001FA9BBB1928E1340F67F48FACF314A40E3BB7D7F9F8E134063214A32D0314A40E43ECC6FA18E1340B923C79ECF314A40737FD18E8E8E134009F6514CCF314A40854A72E38C8E13400D3A9FE0CF314A401FA9BBB1928E1340F67F48FACF314A40	0101000020E6100000E9039F19978E13401BB062BFCF314A40	G0363.5d4eb55eaf6b43d49188bd369b43565c	rijbaan lokale weg	E13a	107
121165489125	Bokkinghangen	FISCAAL	File	1	0106000020E610000001000000010300000001000000050000003999B3AF8E8F1340A896EA34C9314A40A46ED2488D8F13408BB1A9A9C7314A402BE47ACF858F1340E3DF36B3C7314A40BB3A4A36878F1340A8C5383FC9314A403999B3AF8E8F1340A896EA34C9314A40	0101000020E6100000C567483F8A8F134015B14474C8314A40	G0363.30a96d3df9274775ac77f0883b94c4c9	rijbaan lokale weg	E13a	120
121166489140	Bokkinghangen	FISCAAL	File	1	0106000020E610000001000000010300000001000000050000004963C801938F1340403C33D8CD314A40F00D0B91918F13406F05F14CCC314A4091A5A0178A8F1340D4353F57CC314A403C765D888B8F1340616D81E2CD314A404963C801938F1340403C33D8CD314A40	0101000020E61000006165B48C8E8F1340823BB917CD314A40	G0363.5d4eb55eaf6b43d49188bd369b43565c	rijbaan lokale weg	E13a	131
121177489476	Silodam	FISCAAL	Haaks	1	0106000020E610000001000000010300000001000000050000001AE4CF11AA8F134040E94C612F324A40F8801D95A78F13402A7A200F30324A4009D71C61B98F1340CB32C26F30324A40064365E7BB8F13406EF1F3C42F324A401AE4CF11AA8F134040E94C612F324A40	0101000020E6100000B17156B6B18F13403FAD19E92F324A40	G0363.8ee8f864e14648699fad0601d1740bc6	transitie	E12b	101
121082489146	Barentszstraat	FISCAAL	File	1	0106000020E61000000100000001030000000100000005000000396C184A568E13409D6D52F3CE314A40D8DA5209588E134034D7855DCE314A406B75FE4F438E1340D598C401CE314A4006637C9A418E13407A801499CE314A40396C184A568E13409D6D52F3CE314A40	0101000020E6100000FE18CFCB4C8E1340AEA5D37ACE314A40	G0363.5d4eb55eaf6b43d49188bd369b43565c	rijbaan lokale weg	E13a	126
121131489047	Zoutkeetsgracht	FISCAAL	File	1	0106000020E61000000100000001030000000100000006000000102F05AD178F1340F34638D3B1314A404259D77F188F13403FCB083BB1314A40335B111AFD8E13403A57D201B1314A407DD31695FC8E1340186B5BA5B1314A40A8441871138F1340CB8720CEB1314A40102F05AD178F1340F34638D3B1314A40	0101000020E61000003D31A6540A8F1340DDBF726DB1314A40	G0363.fe3f9e40a27c4f27946b452b3f1fe973	rijbaan lokale weg	A05d	90
121139489042	Zoutkeetsgracht	FISCAAL	File	1	0106000020E6100000010000000103000000010000000500000084A2BC8C338F1340A2804F9AB0314A4024391C4C348F1340265D19FFAF314A40464B698E1F8F1340A1511BD5AF314A40DF2409CF1E8F13400D745170B0314A4084A2BC8C338F1340A2804F9AB0314A40	0101000020E61000004FD2928D298F13403669B537B0314A40	G0363.fe3f9e40a27c4f27946b452b3f1fe973	rijbaan lokale weg	A05d	75
121085489080	Zoutkeetsgracht	FISCAAL	File	1	0106000020E6100000010000000103000000010000000500000075F0D92A608E134080410D74BB314A40FB78CAEA608E1340DF29CFD2BA314A40FF74C3F14D8E13408E0058B1BA314A407117F5314D8E134044171451BB314A4075F0D92A608E134080410D74BB314A40	0101000020E6100000A4CD1B12578E1340BD195A12BB314A40	G0363.a7316b6d62e6444b87e0d9175a700cee	rijbaan lokale weg	E13a	126
121229489281	Silodam	FISCAAL	Haaks	1	0106000020E61000000100000001030000000100000005000000A646A255749013406A2EAE20F6314A4012C5FAE271901340483801CDF6314A40B0828AAE839013400EFEA530F7314A40928DD73486901340B5951685F6314A40A646A255749013406A2EAE20F6314A40	0101000020E6100000EDBF8E067C901340CB75C6A8F6314A40	G0363.5249881f858b422ea3264eca651765d9	transitie	E12b	127
121181489462	Silodam	FISCAAL	Haaks	1	0106000020E61000000100000001030000000100000005000000C901A073C88F134061FEE1682C324A40211E0AFACA8F134041BA91BC2B324A406BEBF1CBB88F134060DB9B562B324A40327E2D59B68F1340E9C1AF032C324A40C901A073C88F134061FEE1682C324A40	0101000020E61000003B983DA4C08F13409375DBDF2B324A40	G0363.8ee8f864e14648699fad0601d1740bc6	transitie	E12b	86
121136489157	Barentszplein	FISCAAL	File	1	0106000020E61000000100000001030000000100000006000000364ED8A9118F134069C34C0ED2314A4032242077248F13409EA3BE60D2314A4079D8452C268F13409AA133CDD1314A404D298767238F1340DE3E85C1D1314A403379FE5E138F134097C3C17AD1314A40364ED8A9118F134069C34C0ED2314A40	0101000020E610000054ADE5E91B8F13402971D8EDD1314A40	G0363.5d4eb55eaf6b43d49188bd369b43565c	rijbaan lokale weg	E13a	123
121220489311	Silodam	FISCAAL	Haaks	1	0106000020E610000001000000010300000001000000050000007905A35A63901340B44B5EFEFF314A40055503E1659013409EE90D52FF314A4079BD79955390134065D114ECFE314A40CF42D022519013401FD56798FF314A407905A35A63901340B44B5EFEFF314A40	0101000020E6100000FBFF117E5B901340E0BD3075FF314A40	G0363.5249881f858b422ea3264eca651765d9	transitie	E12b	102
121144489043	Zoutkeetsgracht	FISCAAL	File	1	0106000020E6100000010000000103000000010000000600000000E79440488F1340151D4CC4B0314A40653F0500498F13408CF85428B0314A405AC918FF418F13406CEA921AB0314A4024391C4C348F1340265D19FFAF314A4084A2BC8C338F1340A2804F9AB0314A4000E79440488F1340151D4CC4B0314A40	0101000020E6100000031A40483E8F134042089361B0314A40	G0363.fe3f9e40a27c4f27946b452b3f1fe973	rijbaan lokale weg	A05d	83
121143489152	Barentszplein	FISCAAL	File	1	0106000020E61000000100000001030000000100000005000000DB2DA86A3C8F134071B07D1AD1314A405E29CD1F3E8F134092ABF286D0314A404CD797522B8F1340FBEBBF33D0314A40E4562BA7298F1340C241CEC8D0314A40DB2DA86A3C8F134071B07D1AD1314A40	0101000020E6100000EB0BB1DD338F1340BE9267A7D0314A40	G0363.5d4eb55eaf6b43d49188bd369b43565c	rijbaan lokale weg	E13a	99
121116489153	Barentszstraat	FISCAAL	File	1	0106000020E61000000100000001030000000100000006000000380C1724C58E1340603FEDD4D0314A406A0E6EF1D78E1340C7809E26D1314A404B5284A6D98E13409887D493D0314A404A48D7E1D68E134090166587D0314A40F47150D9C68E13406D48A140D0314A40380C1724C58E1340603FEDD4D0314A40	0101000020E61000005BC3EE61CF8E134096C8E2B3D0314A40	G0363.5d4eb55eaf6b43d49188bd369b43565c	rijbaan lokale weg	E13a	112
121164489119	Bokkinghangen	FISCAAL	File	1	0106000020E61000000100000001030000000100000005000000A46ED2488D8F13408BB1A9A9C7314A407D8138D88B8F13403979E51CC6314A4081DDBE5E848F1340D0A6F427C6314A402BE47ACF858F1340E3DF36B3C7314A40A46ED2488D8F13408BB1A9A9C7314A40	0101000020E6100000FC7465D4888F1340BF1667E8C6314A40	G0363.30a96d3df9274775ac77f0883b94c4c9	rijbaan lokale weg	E13a	129
121084489140	Barentszstraat	FISCAAL	File	1	0106000020E61000000100000001030000000100000006000000C5E8ADB15D8E1340FDA9C8AFCC314A40DF4D203D488E1340C43C2D53CC314A4073F711C5468E1340B51CE3D0CC314A407B52087E468E13407ED177E7CC314A4053463C065C8E134093E8D644CD314A40C5E8ADB15D8E1340FDA9C8AFCC314A40	0101000020E610000019B69D1E528E1340B498E4CBCC314A40	G0363.5d4eb55eaf6b43d49188bd369b43565c	rijbaan lokale weg	E13a	126
121114489045	Zoutkeetsgracht	FISCAAL	File	1	0106000020E610000001000000010300000001000000060000005E1CE48ED38E1340CF827E5DB1314A4084CF9977D48E134077B231ADB0314A40D46925E1BD8E1340B47C6D7EB0314A4062865208BC8E134077D8687AB0314A4006A5B96DBB8E134076420B33B1314A405E1CE48ED38E1340CF827E5DB1314A40	0101000020E610000016E0ACC9C78E1340178FB5EDB0314A40	G0363.fe3f9e40a27c4f27946b452b3f1fe973	rijbaan lokale weg	A05d	100
121182489168	Barentszplein	FISCAAL	File	1	0106000020E61000000100000001030000000100000005000000740B4B42D58F1340B445F7D0D5314A4034867FEDD68F1340A3DC2B3ED5314A40947731DBC38F1340DC9BB1EBD4314A40BD1DD839C28F134087557E7ED5314A40740B4B42D58F1340B445F7D0D5314A40	0101000020E61000006B9AB391CC8F13405592505ED5314A40	G0363.91a283afd5c744508c1b3a79b60afb26	rijbaan lokale weg	E13a	136
121179489471	Silodam	FISCAAL	Haaks	1	0106000020E61000000100000001030000000100000005000000D262F463BE8F1340F15CA2182F324A404C1C5FEAC08F1340BF1A526C2E324A40017B37F7AE8F13403320A7082E324A40A9C28384AC8F1340F804FAB42E324A40D262F463BE8F1340F15CA2182F324A40	0101000020E61000004E9995B3B68F134040859B902E324A40	G0363.8ee8f864e14648699fad0601d1740bc6	transitie	E12b	76
121095489080	Zoutkeetsgracht	FISCAAL	File	1	0106000020E610000001000000010300000001000000050000006C8DCA08868E1340D5A57EBBBB314A40CB49ECD2868E1340F8DF7C16BB314A40ECB6D1E3738E1340E13A46F4BA314A401B20D219738E1340C9FFC597BB314A406C8DCA08868E1340D5A57EBBBB314A40	0101000020E610000000A302FA7C8E1340ADF68957BB314A40	G0363.a7316b6d62e6444b87e0d9175a700cee	rijbaan lokale weg	E13a	129
121128489149	Barentszplein	FISCAAL	File	1	0106000020E61000000100000001030000000100000006000000D6B4B135F18E1340131A34CFCF314A40097D0803048F13408523E520D0314A40CB881DB8058F134026251B8ECF314A40848670F3028F134059BCAB81CF314A4074DFE9EAF28E1340EC1DE83ACF314A40D6B4B135F18E1340131A34CFCF314A40	0101000020E610000013B28873FB8E1340C08429AECF314A40	G0363.5d4eb55eaf6b43d49188bd369b43565c	rijbaan lokale weg	E13a	128
121144489085	Zoutkeetsgracht	FISCAAL	File	1	0106000020E61000000100000001030000000100000006000000F041AB87438F1340963BDC0DBD314A407B7CFB51448F13408E6B9766BC314A409DBFF158318F1340AD652145BC314A4064FD6A83308F134008E178FBBC314A40731A990F3B8F1340F5D4EF05BD314A40F041AB87438F1340963BDC0DBD314A40	0101000020E6100000FAF9AE4A3A8F134052D01FADBC314A40	G0363.a7316b6d62e6444b87e0d9175a700cee	rijbaan lokale weg	E13a	136
121090489080	Zoutkeetsgracht	FISCAAL	File	1	0106000020E610000001000000010300000001000000060000001B20D219738E1340C9FFC597BB314A40ECB6D1E3738E1340E13A46F4BA314A40FB78CAEA608E1340DF29CFD2BA314A4075F0D92A608E134080410D74BB314A404C9E2A04658E1340506EFF7CBB314A401B20D219738E1340C9FFC597BB314A40	0101000020E61000008DA4E60A6A8E1340141CB334BB314A40	G0363.a7316b6d62e6444b87e0d9175a700cee	rijbaan lokale weg	E13a	126
121180489467	Silodam	FISCAAL	Haaks	1	0106000020E61000000100000001030000000100000005000000B960B870C38F134001D8C2C02D324A40980B47EDC58F1340194271142D324A40C5387AE6B38F134013A802B02C324A40250DEB69B18F1340F93A545C2D324A40B960B870C38F134001D8C2C02D324A40	0101000020E61000007E2B99ABBB8F1340B4BF62382D324A40	G0363.8ee8f864e14648699fad0601d1740bc6	transitie	E12b	84
121057489134	Barentszstraat	FISCAAL	File	1	0106000020E6100000010000000103000000010000000500000064E0BFC3F58D1340F8D73DEACA314A401D1CB8B1E08D1340161C708ECA314A40FB7669F2DE8D134082A4FD24CB314A4008C37104F48D1340DC62CB80CB314A4064E0BFC3F58D1340F8D73DEACA314A40	0101000020E610000023CD145BEA8D13402EBF9D07CB314A40	G0363.68e71c18e8b8485799906452adecd9bf	rijbaan lokale weg	E13a	115
121151489160	Barentszplein	FISCAAL	File	1	0106000020E61000000100000001030000000100000005000000E7FEC6DE5C8F1340E0B4565AD3314A40ED9FFC935E8F13406DAC0AC6D2314A40D899B3C64B8F1340FE159973D2314A404119591B4A8F1340626FE607D3314A40E7FEC6DE5C8F1340E0B4565AD3314A40	0101000020E6100000B70BB255548F1340E9E3F3E6D2314A40	\N	\N	E13a	120
121048489193	Roggeveenstraat	FISCAAL	File	1	0106000020E61000000100000001030000000100000005000000C0773AFBD38D1340E29EDC95DC314A4015A35A74D28D1340F431E201DC314A4055666301BA8D134079F89D63DC314A4028077A74BB8D13409CBF56F8DC314A40C0773AFBD38D1340E29EDC95DC314A40	0101000020E6100000309DFFF7C68D1340714CFD7CDC314A40	G0363.975548f1a072469eae582c874697ca46	rijbaan lokale weg	E13a	80
121172489128	Bokkinghangen	MULDER	File	1	0106000020E61000000100000001030000000100000005000000E55B4C9EAA8F13407222AC58CA314A4099540CD5A88F13401DB5075DC8314A40342C9065A18F134030449666C8314A40E589CF2EA38F134061B23A62CA314A40E55B4C9EAA8F13407222AC58CA314A40	0101000020E61000000A1DEE01A68F13404D37A15FC9314A40	G0363.30a96d3df9274775ac77f0883b94c4c9	rijbaan lokale weg	E13a	111
121192489170	Barentszplein	FISCAAL	File	1	0106000020E6100000010000000103000000010000000600000069F85649FB8F1340188AE775D6314A40E7838AF4FC8F1340BC1C1CE3D5314A4081F116ECE98F1340935FA390D5314A4041EEE240E88F1340CDCA6E23D6314A40BBB3D0A2EF8F13401FC45543D6314A4069F85649FB8F1340188AE775D6314A40	0101000020E6100000AF6BD39AF28F1340E3604003D6314A40	G0363.91a283afd5c744508c1b3a79b60afb26	rijbaan lokale weg	E13a	113
121156489161	Barentszplein	FISCAAL	File	1	0106000020E61000000100000001030000000100000006000000E7FEC6DE5C8F1340E0B4565AD3314A40FB5822AC6F8F1340A33507ACD3314A4073E23461718F1340EB2A3D19D3314A40F231879C6E8F134046D6CD0CD3314A40ED9FFC935E8F13406DAC0AC6D2314A40E7FEC6DE5C8F1340E0B4565AD3314A40	0101000020E610000013019F1C678F134028D54B39D3314A40	\N	\N	E13a	111
121015489131	Barentszstraat	FISCAAL	File	1	0106000020E61000000100000001030000000100000005000000E9163C19538D134073F6718DCA314A4052F9E6CE548D13406F2AA0F4C9314A4079B352DA3F8D1340B286579AC9314A40F4B3CB1A3E8D1340DEFB2733CA314A40E9163C19538D134073F6718DCA314A40	0101000020E6100000980BCD76498D13407332E813CA314A40	G0363.1c05e85734a5416481b332910c2ff606	rijbaan lokale weg	E13a	107
121230489276	Silodam	FISCAAL	Haaks	1	0106000020E6100000010000000103000000010000000500000095105AB188901340ABDAC4D8F5314A40DA13B8378B9013406671742CF5314A402ED7F03A79901340571908C8F4314A4004A249C87690134019245B74F5314A4095105AB188901340ABDAC4D8F5314A40	0101000020E6100000508826FC8090134095595D50F5314A40	G0363.5249881f858b422ea3264eca651765d9	transitie	E12b	94
121207489174	Barentszplein	FISCAAL	File	1	0106000020E6100000010000000103000000010000000500000023A0A65836901340B4A1A076D7314A406D01EA0338901340B92D14E3D6314A40266FD02C239013409997D388D6314A40F650D232219013405475D31AD7314A4023A0A65836901340B4A1A076D7314A40	0101000020E610000079BA19AF2C901340BAEB87FFD6314A40	G0363.91a283afd5c744508c1b3a79b60afb26	rijbaan lokale weg	E13a	80
121189489162	Barentszplein	FISCAAL	File	1	0106000020E610000001000000010300000001000000060000005B143071EE8F1340643A8D1DD4314A40C12F411CF08F134047CE438CD3314A40F169B2D7EA8F13403E96B175D3314A4076BC72ECDC8F1340EDB50439D3314A4031DD4F41DB8F1340D61F0FCBD3314A405B143071EE8F1340643A8D1DD4314A40	0101000020E610000076C93FACE58F134095097FABD3314A40	G0363.91a283afd5c744508c1b3a79b60afb26	rijbaan lokale weg	E13a	128
121044489076	Zoutkeetsgracht	FISCAAL	File	1	0106000020E6100000010000000103000000010000000500000094A707EDC28D1340BAA5744FBA314A40DC6AE8A1C38D13408241C7BBB9314A40A4F727D0AF8D1340F713B098B9314A40A93DFBF3AE8D1340CE26D62ABA314A4094A707EDC28D1340BAA5744FBA314A40	0101000020E6100000798C3758B98D13402E36D0F3B9314A40	G0363.afc19a0f79d14a909d5ca607718bc79d	rijbaan lokale weg	E13a	149
121015489200	Roggeveenstraat	FISCAAL	File	1	0106000020E610000001000000010300000001000000050000008042DA7B518D1340F16FD49DDE314A40401748D74F8D134098F8570BDE314A40C723B9183C8D134058251B5ADE314A403498A69F3D8D134085A154EDDE314A408042DA7B518D1340F16FD49DDE314A40	0101000020E610000042CC51C2468D1340D1DA3C7CDE314A40	G0363.975548f1a072469eae582c874697ca46	rijbaan lokale weg	E13a	79
121054489192	Roggeveenstraat	FISCAAL	File	1	0106000020E610000001000000010300000001000000050000004F160D78EC8D134067012234DC314A40B9A42CF1EA8D1340F99627A0DB314A4015A35A74D28D1340F431E201DC314A40C0773AFBD38D1340E29EDC95DC314A404F160D78EC8D134067012234DC314A40	0101000020E610000019B63376DF8D13409D1A021BDC314A40	G0363.975548f1a072469eae582c874697ca46	rijbaan lokale weg	E13a	112
121109489082	Zoutkeetsgracht	FISCAAL	File	1	0106000020E610000001000000010300000001000000050000001B2BA2DFBE8E13402F5AE825BC314A4067F44CAABF8E13407991DE7ABB314A40675B20BBAC8E13400A356959BB314A404F05A9F0AB8E1340D3FC2F02BC314A401B2BA2DFBE8E13402F5AE825BC314A40	0101000020E610000019A5C1D2B58E13400EA023BFBB314A40	G0363.a7316b6d62e6444b87e0d9175a700cee	rijbaan lokale weg	E13a	127
121032489075	Zoutkeetsgracht	FISCAAL	File	1	0106000020E610000001000000010300000001000000050000002EA3D3DA828D1340524FB2CFB9314A403FF2A7BF958D13404DD46EF6B9314A403D585288968D1340AF1A0362B9314A4073125AAD838D1340F6EA473BB9314A402EA3D3DA828D1340524FB2CFB9314A40	0101000020E6100000C86DCEB38C8D13403C07E198B9314A40	G0363.afc19a0f79d14a909d5ca607718bc79d	rijbaan lokale weg	E13a	132
121178489473	Silodam	FISCAAL	Haaks	1	0106000020E61000000100000001030000000100000005000000064365E7BB8F13406EF1F3C42F324A40D262F463BE8F1340F15CA2182F324A40A9C28384AC8F1340F804FAB42E324A401AE4CF11AA8F134040E94C612F324A40064365E7BB8F13406EF1F3C42F324A40	0101000020E6100000CF33F438B48F1340C959F23C2F324A40	G0363.8ee8f864e14648699fad0601d1740bc6	transitie	E12b	84
121078489163	Van Neckstraat	FISCAAL	File	1	0106000020E61000000100000001030000000100000005000000C0822FB53F8E13403D716843D4314A406E45B2C23B8E134068D6DFC3D2314A4094A0EFDA338E13405BBF3AE3D2314A4048B57DCD378E1340505C0262D4314A40C0822FB53F8E13403D716843D4314A40	0101000020E6100000614950C8398E1340D81F1893D3314A40	G0363.3243cedec9b04aa2bcb6c61c139745ee	rijbaan lokale weg	E13a	66
121070489153	Van Neckstraat	FISCAAL	File	1	0106000020E610000001000000010300000001000000050000006F198F54218E1340CA0EFD32D1314A40213C82041E8E1340E5F9D6ECCF314A40CACE87CE168E1340B0B88408D0314A4049A3D3271A8E1340AE227555D1314A406F198F54218E1340CA0EFD32D1314A40	0101000020E6100000249A10111C8E1340BB4F9F9FD0314A40	G0363.3243cedec9b04aa2bcb6c61c139745ee	rijbaan lokale weg	E13a	53
121081489206	Van Neckstraat	MULDER	File	1	0106000020E61000000100000001030000000100000005000000CECEF9B94B8E134022A0A711E1314A40EA878CBD478E13409CB6DE92DF314A409CC60D11408E13403E9CBFB0DF314A4037F09E03448E13400734872FE1314A40CECEF9B94B8E134022A0A711E1314A40	0101000020E61000002C3585E3458E13407B495A61E0314A40	G0363.3243cedec9b04aa2bcb6c61c139745ee	rijbaan lokale weg	E13a	24
121075489178	Van Neckstraat	MULDER	File	1	0106000020E610000001000000010300000001000000080000002BA6BBFA298E134004FE655DD7314A408D53F31C2E8E1340E93E4CEED8314A40F545A7B5358E1340D9BA29D1D8314A400E3B94BF358E1340AD0E6AD0D8314A40AC8F0578328E134041525999D7314A401B4E33A6318E13401123D44AD7314A40E67A9389318E134040284240D7314A402BA6BBFA298E134004FE655DD7314A40	0101000020E6100000C8DE48D92F8E13400C729C17D8314A40	G0363.3243cedec9b04aa2bcb6c61c139745ee	rijbaan lokale weg	E13a	8
121133489150	Barentszplein	FISCAAL	File	1	0106000020E610000001000000010300000001000000050000000CD72BD0168F13400215D974D0314A4003136385188F134082148DE0CF314A40CB881DB8058F134026251B8ECF314A402D18B00C048F1340AC762923D0314A400CD72BD0168F13400215D974D0314A40	0101000020E61000001AED27450E8F13404D839C01D0314A40	G0363.5d4eb55eaf6b43d49188bd369b43565c	rijbaan lokale weg	E13a	114
121163489095	Bokkinghangen	FISCAAL	File	1	0106000020E61000000100000001030000000100000005000000657051E2868F13406FAFE873C0314A404F240D7C858F13406BC8DEE1BE314A40814DEEF87D8F134017A0A9EABE314A40D951FC687F8F1340A9DA757DC0314A40657051E2868F13406FAFE873C0314A40	0101000020E610000020189C6F828F1340FA8F51AFBF314A40	G0363.30a96d3df9274775ac77f0883b94c4c9	rijbaan lokale weg	E13a	141
121218489320	Silodam	FISCAAL	Haaks	1	0106000020E61000000100000001030000000100000005000000CFDFE854599013400674E1AE02324A407E1F6ED15B9013407CC18F0202324A400C41F7C049901340308B5F9D01324A404A2D4D4E479013401D8DB24902324A40CFDFE854599013400674E1AE02324A40	0101000020E61000008919F18D51901340E2FE1B2602324A40	G0363.5249881f858b422ea3264eca651765d9	transitie	E12b	95
121214489168	Barentszplein	MULDER	File	1	0106000020E610000001000000010300000001000000050000001EA0824C5190134064BEB9C8D5314A40CDF022D052901340A4FD6A37D5314A40DA1CE93D3E90134033CEB5DED4314A40EE30EB923C90134021433E6FD5314A401EA0824C5190134064BEB9C8D5314A40	0101000020E610000027CA6FBB4790134044CA9E53D5314A40	G0363.1028f1a6e6fa4556b401e8b837d995f9	rijbaan lokale weg	E13a	104
121120489046	Zoutkeetsgracht	FISCAAL	File	1	0106000020E610000001000000010300000001000000050000003EF59012EC8E1340D4DCBF88B1314A40CDCDE0A1EC8E1340061DF1DFB0314A4084CF9977D48E134077B231ADB0314A405E1CE48ED38E1340CF827E5DB1314A403EF59012EC8E1340D4DCBF88B1314A40	0101000020E610000048072816E08E1340A6D3D81CB1314A40	G0363.fe3f9e40a27c4f27946b452b3f1fe973	rijbaan lokale weg	A05d	55
121229489279	Silodam	FISCAAL	Haaks	1	0106000020E61000000100000001030000000100000005000000928DD73486901340B5951685F6314A4095105AB188901340ABDAC4D8F5314A4004A249C87690134019245B74F5314A40A646A255749013406A2EAE20F6314A40928DD73486901340B5951685F6314A40	0101000020E6100000DCFD90817E901340FE47B4FCF5314A40	G0363.5249881f858b422ea3264eca651765d9	transitie	E12b	100
121139489084	Zoutkeetsgracht	FISCAAL	File	1	0106000020E6100000010000000103000000010000000600000064FD6A83308F134008E178FBBC314A409DBFF158318F1340AD652145BC314A4047CAC3691E8F1340A19AAC23BC314A402ED8948A1D8F1340D7C1BFD7BC314A40F591CAF7238F13400202ECE3BC314A4064FD6A83308F134008E178FBBC314A40	0101000020E61000008983EB78278F134089CA188FBC314A40	G0363.a7316b6d62e6444b87e0d9175a700cee	rijbaan lokale weg	E13a	138
121013489125	Barentszstraat	FISCAAL	File	1	0106000020E610000001000000010300000001000000050000009B259B6A4B8D134022D415A0C8314A40CD63CC1F4D8D134097088B0CC8314A40C2EAFF03388D13405908FAAFC7314A40D6C3BC4E368D13406AD14544C8314A409B259B6A4B8D134022D415A0C8314A40	0101000020E61000006E631CB5418D1340CC6B2D28C8314A40	G0363.1c05e85734a5416481b332910c2ff606	rijbaan lokale weg	E13a	118
121112489146	Barentszstraat	FISCAAL	File	1	0106000020E61000000100000001030000000100000005000000FB141251C98E134057E85D80CE314A40EC1DDBC8B38E13402B70FF22CE314A406C5B3913B28E1340D864D1BBCE314A40A3DF709BC78E13407BDF2F19CF314A40FB141251C98E134057E85D80CE314A40	0101000020E6100000C4DA25B2BD8E134089A7179ECE314A40	G0363.5d4eb55eaf6b43d49188bd369b43565c	rijbaan lokale weg	E13a	106
121030489134	Barentszstraat	FISCAAL	File	1	0106000020E61000000100000001030000000100000005000000E35D20818D8D1340B10F9989CB314A4088ABA82C8F8D13408EE8C9F3CA314A4033E525697C8D1340E659D9A2CA314A40B8242DA07A8D134033822237CB314A40E35D20818D8D1340B10F9989CB314A40	0101000020E6100000903728F0848D1340BD72F815CB314A40	G0363.1c05e85734a5416481b332910c2ff606	rijbaan lokale weg	E13a	105
121051489133	Barentszstraat	FISCAAL	File	1	0106000020E610000001000000010300000001000000050000001D1CB8B1E08D1340161C708ECA314A401115C495CB8D134026EE6133CA314A4046DA61E0C98D13402AC82FC9CA314A40FB7669F2DE8D134082A4FD24CB314A401D1CB8B1E08D1340161C708ECA314A40	0101000020E610000066753C49D58D13406CD806ACCA314A40	G0363.68e71c18e8b8485799906452adecd9bf	rijbaan lokale weg	E13a	113
121099489044	Zoutkeetsgracht	FISCAAL	File	1	0106000020E61000000100000001030000000100000005000000E5A6D3909E8E1340F0BCA9FFB0314A401861C2359F8E1340D3A7C141B0314A404CCB17E3808E1340A6832105B0314A40B89D7A3D808E13402A9793CAB0314A40E5A6D3909E8E1340F0BCA9FFB0314A40	0101000020E6100000C9EFC1A08F8E134040211684B0314A40	G0363.fe3f9e40a27c4f27946b452b3f1fe973	rijbaan lokale weg	A05d	117
121018489126	Barentszstraat	FISCAAL	File	1	0106000020E61000000100000001030000000100000005000000DF418D7C608D13406864A5FCC8314A400BFBBD31628D13406D961A69C8314A40CD63CC1F4D8D134097088B0CC8314A409B259B6A4B8D134022D415A0C8314A40DF418D7C608D13406864A5FCC8314A40	0101000020E610000021B12CCE568D134034369884C8314A40	G0363.1c05e85734a5416481b332910c2ff606	rijbaan lokale weg	E13a	143
121095489142	Barentszstraat	FISCAAL	File	1	0106000020E61000000100000001030000000100000005000000CC8F39C2888E134076750469CD314A40E461F339738E1340619F660CCD314A4058028484718E1340AF8CF5A2CD314A404063B90C878E134038655400CE314A40CC8F39C2888E134076750469CD314A40	0101000020E6100000380188257D8E13400AE63786CD314A40	G0363.5d4eb55eaf6b43d49188bd369b43565c	rijbaan lokale weg	E13a	124
121101489143	Barentszstraat	FISCAAL	File	1	0106000020E61000000100000001030000000100000006000000E08593409E8E1340AFD861C6CD314A40BE82935E988E134043F0B5ACCD314A40CC8F39C2888E134076750469CD314A404063B90C878E134038655400CE314A40677AEF949C8E13406D1EB35DCE314A40E08593409E8E1340AFD861C6CD314A40	0101000020E6100000F595D1A8928E13405D7158E3CD314A40	G0363.5d4eb55eaf6b43d49188bd369b43565c	rijbaan lokale weg	E13a	146
121029489197	Roggeveenstraat	FISCAAL	File	1	0106000020E610000001000000010300000001000000060000006050D095868D134080F358CADD314A4097237718858D1340C2D2243ADD314A407C6E9CEF828D1340B164E642DD314A40B5CC3050718D134070F26487DD314A405C1C78CD728D134012155A18DE314A406050D095868D134080F358CADD314A40	0101000020E610000049F160F07B8D134072532FA9DD314A40	G0363.975548f1a072469eae582c874697ca46	rijbaan lokale weg	E13a	90
121071489158	Van Neckstraat	FISCAAL	File	1	0106000020E61000000100000001030000000100000005000000A0C5BBC3258E134087F009D9D2314A406F198F54218E1340CA0EFD32D1314A4049A3D3271A8E1340AE227555D1314A40FB3BAC521E8E134009BCEEF3D2314A40A0C5BBC3258E134087F009D9D2314A40	0101000020E6100000127D14EA1F8E134007E62A16D2314A40	G0363.3243cedec9b04aa2bcb6c61c139745ee	rijbaan lokale weg	E13a	75
121192489418	Silodam	FISCAAL	Haaks	1	0106000020E6100000010000000103000000010000000500000051BF8D51F38F13406AB34B791F324A401005E09CF58F1340437732CC1E324A409E041B64E58F1340454316771E324A40678FEC0EE38F1340382A2E241F324A4051BF8D51F38F13406AB34B791F324A40	0101000020E6100000E21DE357EC8F13407AEB36F81E324A40	G0363.8ee8f864e14648699fad0601d1740bc6	transitie	E12b	74
121062489135	Barentszstraat	FISCAAL	File	1	0106000020E610000001000000010300000001000000060000003C875079048E134040B05FC8CB314A4050ECA147098E1340A4A621DECB314A40B7D890E90A8E1340B21D4D45CB314A4064E0BFC3F58D1340F8D73DEACA314A4008C37104F48D1340DC62CB80CB314A403C875079048E134040B05FC8CB314A40	0101000020E61000000E809A82FF8D1340C6819B63CB314A40	G0363.68e71c18e8b8485799906452adecd9bf	rijbaan lokale weg	E13a	109
121021489205	Roggeveenstraat	FISCAAL	File	1	0106000020E6100000010000000103000000010000000500000044331831538D13402CDB92BFDF314A4054A976A5548D1340FEACF845E0314A40B7560796698D13409395D8F2DF314A40DA786C04688D134011C9A968DF314A4044331831538D13402CDB92BFDF314A40	0101000020E61000005BB9A6695E8D134058FB16D8DF314A40	G0363.975548f1a072469eae582c874697ca46	rijbaan lokale weg	E13a	79
121175489486	Silodam	FISCAAL	Haaks	1	0106000020E61000000100000001030000000100000005000000535C5BF4AF8F134058019E5333324A40DA787F35B28F1340287E48AA32324A401413D2B7A08F13402D53B94F32324A40C3B7D16C9E8F1340E1800DF932324A40535C5BF4AF8F134058019E5333324A40	0101000020E6100000E99F1F53A88F1340A0B4B0D132324A40	G0363.8ee8f864e14648699fad0601d1740bc6	transitie	E12b	90
121179489469	Silodam	FISCAAL	Haaks	1	0106000020E610000001000000010300000001000000050000004C1C5FEAC08F1340BF1A526C2E324A40B960B870C38F134001D8C2C02D324A40250DEB69B18F1340F93A545C2D324A40017B37F7AE8F13403320A7082E324A404C1C5FEAC08F1340BF1A526C2E324A40	0101000020E61000000F76992EB98F134032A16FE42D324A40	G0363.8ee8f864e14648699fad0601d1740bc6	transitie	E12b	96
121119489083	Zoutkeetsgracht	FISCAAL	File	1	0106000020E61000000100000001030000000100000005000000BE2F95BDE48E134044CC586DBC314A40850C7192E58E1340F6548BBEBB314A40D8716899D28E1340A7D5149DBB314A40968E9BCED18E1340559FA049BC314A40BE2F95BDE48E134044CC586DBC314A40	0101000020E6100000AC2069B3DB8E134074A2AA04BC314A40	G0363.a7316b6d62e6444b87e0d9175a700cee	rijbaan lokale weg	E13a	142
121073489168	Van Neckstraat	FISCAAL	File	1	0106000020E61000000100000001030000000100000006000000B28D78702D8E1340663BA8B7D5314A40572F62D3298E1340578C1C5DD4314A400801E360298E1340CFA0D432D4314A40A2E26AEF218E1340E16D3F52D4314A40E22D8EEB258E1340FD620CD4D5314A40B28D78702D8E1340663BA8B7D5314A40	0101000020E610000043BA30AD278E13402AF85504D5314A40	G0363.3243cedec9b04aa2bcb6c61c139745ee	rijbaan lokale weg	E13a	73
121192489420	Silodam	FISCAAL	Haaks	1	0106000020E61000000100000001030000000100000005000000684F4EFCF08F1340719C242720324A4051BF8D51F38F13406AB34B791F324A40678FEC0EE38F1340382A2E241F324A40A23BE2AFE08F134017BE44D11F324A40684F4EFCF08F1340719C242720324A40	0101000020E6100000EF091204EA8F1340F59588A51F324A40	G0363.8ee8f864e14648699fad0601d1740bc6	transitie	E12b	73
121067489189	Roggeveenstraat	FISCAAL	File	1	0106000020E61000000100000001030000000100000005000000B8C59C7B1D8E1340ADA0EC6FDB314A400288F2E01B8E13407493B0DCDA314A4018342264038E1340857F6B3EDB314A40584203EB048E134079E765D2DB314A40B8C59C7B1D8E1340ADA0EC6FDB314A40	0101000020E6100000437F8F69108E13400C0D6C57DB314A40	G0363.975548f1a072469eae582c874697ca46	rijbaan lokale weg	E13a	82
121216489327	Silodam	FISCAAL	Haaks	1	0106000020E610000001000000010300000001000000050000002693F86842901340898F58A203324A40C80C4EF63F9013401390AB4E04324A404D6DC3CB519013401DE451B204324A4045D9374854901340F532C10604324A402693F86842901340898F58A203324A40	0101000020E61000000DDCD41B4A901340D533762A04324A40	G0363.5249881f858b422ea3264eca651765d9	transitie	E12b	111
121090489220	Van Neckstraat	MULDER	File	1	0106000020E610000001000000010300000001000000050000004EC116EA648E13409574F751E5314A4057B900DC6C8E1340B1C5992FE5314A404287639C688E13403C9D6C9CE3314A40CBB563C8608E1340174509BBE3314A404EC116EA648E13409574F751E5314A40	0101000020E6100000042F1BCB668E1340A9C2EA76E4314A40	G0363.3243cedec9b04aa2bcb6c61c139745ee	rijbaan lokale weg	E13a	51
121181489464	Silodam	FISCAAL	Haaks	1	0106000020E61000000100000001030000000100000005000000980B47EDC58F1340194271142D324A40C901A073C88F134061FEE1682C324A40327E2D59B68F1340E9C1AF032C324A40C5387AE6B38F134013A802B02C324A40980B47EDC58F1340194271142D324A40	0101000020E6100000A26AAE27BE8F134055082D8C2C324A40	G0363.8ee8f864e14648699fad0601d1740bc6	transitie	E12b	72
121221489309	Silodam	FISCAAL	Haaks	1	0106000020E61000000100000001030000000100000005000000055503E1659013409EE90D52FF314A406612A57B68901340FA2BB89FFE314A40F40804F45590134035284544FE314A4079BD79955390134065D114ECFE314A40055503E1659013409EE90D52FF314A40	0101000020E6100000393792125E90134038C1FAC8FE314A40	G0363.5249881f858b422ea3264eca651765d9	transitie	E12b	91
121173489492	Silodam	MULDER	Haaks	1	0106000020E6100000010000000103000000010000000500000020BD68D6998F1340B0DA3B5034324A40A5F7E362978F1340B8BA9A0535324A401AED9A1CA98F134063E2645635324A40B81B117CAB8F13407E59C8A434324A4020BD68D6998F1340B0DA3B5034324A40	0101000020E61000002AE2416CA18F1340347C20D434324A40	G0363.8ee8f864e14648699fad0601d1740bc6	transitie	E12b	45
121146489159	Barentszplein	FISCAAL	File	1	0106000020E6100000010000000103000000010000000600000099E24544378F1340E26BB2B4D2314A404924A0114A8F13405E1C6306D3314A40D899B3C64B8F1340FE159973D2314A4054130602498F134053BA2967D2314A4045727CF9388F1340BF676620D2314A4099E24544378F1340E26BB2B4D2314A40	0101000020E610000074CF1D82418F134027A6A793D2314A40	\N	\N	E13a	97
121083489216	Van Neckstraat	FISCAAL	File	1	0106000020E6100000010000000103000000010000000500000074D8FF6F538E1340BF2610F7E3314A40BE62EA994F8E1340E48D5C84E2314A409C69B3D9478E13400FD03AA2E2314A40931DFEA54B8E13402E172C14E4314A4074D8FF6F538E1340BF2610F7E3314A40	0101000020E6100000283619A34D8E13400132914CE3314A40	G0363.3243cedec9b04aa2bcb6c61c139745ee	rijbaan lokale weg	E13a	43
121034489196	Roggeveenstraat	FISCAAL	File	1	0106000020E61000000100000001030000000100000005000000D1F9275E9A8D134072B7577CDD314A401C2D87EA988D1340BFECA6EDDC314A4097237718858D1340C2D2243ADD314A406050D095868D134080F358CADD314A40D1F9275E9A8D134072B7577CDD314A40	0101000020E610000098BA00B98F8D1340DF1DAE5BDD314A40	G0363.975548f1a072469eae582c874697ca46	rijbaan lokale weg	E13a	71
121010489207	Roggeveenstraat	FISCAAL	File	1	0106000020E61000000100000001030000000100000005000000AA2A84BB278D13402025A068E0314A40D962B06A298D1340C8F5D2F2E0314A40EE639EEE3D8D1340C97AE7A1E0314A40708CCB7A3C8D13402DA77915E0314A40AA2A84BB278D13402025A068E0314A40	0101000020E6100000089D76E7328D13405CE58184E0314A40	G0363.975548f1a072469eae582c874697ca46	rijbaan lokale weg	E13a	76
121173489145	Bokkinghangen	FISCAAL	File	1	0106000020E61000000100000001030000000100000005000000D40FF411AF8F13405108913DCF314A404C4B57A1AD8F134066D4CCB0CD314A408E77EC27A68F1340F4121BBBCD314A405053AB98A78F1340A2475D46CF314A40D40FF411AF8F13405108913DCF314A40	0101000020E6100000F81F8D9DAA8F13400607EE7BCE314A40	G0363.30a96d3df9274775ac77f0883b94c4c9	rijbaan lokale weg	E13a	127
121210489351	Silodam	FISCAAL	Haaks	1	0106000020E61000000100000001030000000100000005000000B578915E3A9013409DEDD5B60B324A4078EF43A93C9013407BA485100B324A40B04F22532B901340C266FCB50A324A40B21317272990134055A540500B324A40B578915E3A9013409DEDD5B60B324A40	0101000020E6100000761B85FB32901340609706340B324A40	G0363.5249881f858b422ea3264eca651765d9	transitie	E12b	87
121022489074	Zoutkeetsgracht	FISCAAL	File	1	0106000020E61000000100000001030000000100000005000000DE3B9213708D13401CAFF9A8B9314A404E9B3DDC708D13407FF78D14B9314A408804100B5E8D134013EC94EEB8314A40888A75425D8D1340BAA23F82B9314A40DE3B9213708D13401CAFF9A8B9314A40	0101000020E6100000D99F5A11678D1340FECB9B4BB9314A40	G0363.afc19a0f79d14a909d5ca607718bc79d	rijbaan lokale weg	E13a	136
121174489490	Silodam	FISCAAL	Haaks	1	0106000020E61000000100000001030000000100000005000000B81B117CAB8F13407E59C8A434324A40D1CE25B3AD8F13401784B4FD33324A400DAD9B2B9C8F1340F60024A333324A4020BD68D6998F1340B0DA3B5034324A40B81B117CAB8F13407E59C8A434324A40	0101000020E6100000B2B98EBEA38F134088683A2534324A40	G0363.8ee8f864e14648699fad0601d1740bc6	transitie	E12b	79
121218489318	Silodam	FISCAAL	Haaks	1	0106000020E610000001000000010300000001000000050000007E1F6ED15B9013407CC18F0202324A40DAE4CE575E901340DB603F5601324A40E4DA7C3D4C9013403DDB0DF100324A400C41F7C049901340308B5F9D01324A407E1F6ED15B9013407CC18F0202324A40	0101000020E610000082BF760A549013408E51CA7901324A40	G0363.5249881f858b422ea3264eca651765d9	transitie	E12b	102
121150489043	Zoutkeetsgracht	FISCAAL	File	1	0106000020E6100000010000000103000000010000000500000000E79440488F1340151D4CC4B0314A40B37A6DF45C8F1340959C48EEB0314A406C6CDBBD5D8F13400CCAD050B0314A40653F0500498F13408CF85428B0314A4000E79440488F1340151D4CC4B0314A40	0101000020E610000063492901538F1340A358F28AB0314A40	G0363.fe3f9e40a27c4f27946b452b3f1fe973	rijbaan lokale weg	A05d	78
121023489199	Roggeveenstraat	FISCAAL	File	1	0106000020E610000001000000010300000001000000050000005C1C78CD728D134012155A18DE314A40B5CC3050718D134070F26487DD314A40B7B332745D8D1340EB4EA2D4DD314A40EB5E32FB5E8D1340C9C71A67DE314A405C1C78CD728D134012155A18DE314A40	0101000020E6100000FCD2961E688D134029E9EDF6DD314A40	G0363.975548f1a072469eae582c874697ca46	rijbaan lokale weg	E13a	80
121039489195	Roggeveenstraat	FISCAAL	File	1	0106000020E610000001000000010300000001000000050000001E789026AE8D1340FC60952DDD314A40EAA983C6AC8D1340624069A0DC314A401C2D87EA988D1340BFECA6EDDC314A40D1F9275E9A8D134072B7577CDD314A401E789026AE8D1340FC60952DDD314A40	0101000020E6100000DEAF2288A38D134071D20A0EDD314A40	G0363.975548f1a072469eae582c874697ca46	rijbaan lokale weg	E13a	78
121195489409	Silodam	FISCAAL	Haaks	1	0106000020E610000001000000010300000001000000050000005D4ED488FC8F1340201366C31C324A409BA222E8FE8F1340BF7A4B131C324A403F9466D6EE8F1340299BBAC21B324A40C3F95C77EC8F13402C31D16F1C324A405D4ED488FC8F1340201366C31C324A40	0101000020E610000020761CB5F58F1340105274421C324A40	G0363.8ee8f864e14648699fad0601d1740bc6	transitie	E12b	71
121047489199	Roggeveenstraat	FISCAAL	File	1	0106000020E6100000010000000103000000010000000600000075E12F0BB88D13402D6E5C13DE314A4015D27291B98D134046DD1FAEDE314A40CE1BE98CCF8D13409E14D852DE314A40AC2886F2CD8D134066FF97BCDD314A40EE28AFB5BC8D13405E2F2401DE314A4075E12F0BB88D13402D6E5C13DE314A40	0101000020E61000003CE970BBC38D1340DD7B8D34DE314A40	G0363.975548f1a072469eae582c874697ca46	rijbaan lokale weg	E13a	85
121103489236	Van Diemenstraat	MULDER	File	1	0106000020E6100000010000000103000000010000000700000054344DACA58E1340D5434155E9314A40D09EDA2EA48E13404B40CEC5E8314A4008F07CF88D8E1340F84E0B1EE9314A402F9CA9758F8E1340865482B0E9314A40769C3C41998E134056381D89E9314A40DB1C96BA9D8E13403A115C75E9314A4054344DACA58E1340D5434155E9314A40	0101000020E6100000091394C6998E1340D53FAB3AE9314A40	G0363.a54320a77b8549bd9489030204b16fe6	rijbaan regionale weg	E13a	3
121097489237	Van Diemenstraat	MULDER	File	1	0106000020E610000001000000010300000001000000050000002F9CA9758F8E1340865482B0E9314A4008F07CF88D8E1340F84E0B1EE9314A4089EF42B8778E1340A8E84676E9314A40C357393F798E1340F6438009EA314A402F9CA9758F8E1340865482B0E9314A40	0101000020E6100000DDD78996838E1340125B9C93E9314A40	G0363.a54320a77b8549bd9489030204b16fe6	rijbaan regionale weg	E13a	5
121114489234	Van Diemenstraat	MULDER	File	1	0106000020E6100000010000000103000000010000000B000000B669CDE2BB8E1340A91182FBE8314A40B8CE3A96CD8E1340C7A100B4E8314A402AB6CB0CCE8E1340918A0CB1E8314A40D1519279CE8E1340FB1F56ADE8314A40AF987BE6CE8E134078B51DA8E8314A4054F2BE3FCF8E134037A421A2E8314A40C84B0299CF8E1340F792259CE8314A4078456C57D38E134046DE7216E8314A40F1CBA631D48E13402D097C07E8314A40D13E136FBA8E1340AE63926DE8314A40B669CDE2BB8E1340A91182FBE8314A40	0101000020E6100000404A264AC68E13405E0F8284E8314A40	G0363.a54320a77b8549bd9489030204b16fe6	rijbaan regionale weg	E13a	9
121009489256	Van Diemenstraat	MULDER	File	1	0106000020E6100000010000000103000000010000000A0000009BC88C07258D13401F93A372EF314A4071C44CE3378D134028F04325EF314A4070073895388D13406CE01420EF314A407A196465398D134083CE5F13EF314A402D1DEFB4398D13408672E00BEF314A40782EDAD63D8D134037726E7CEE314A4007CD079D3E8D13407D0B3A71EE314A40E35D2A3B3F8D13408F52C96CEE314A40AAFBE576238D1340FFC0E6DDEE314A409BC88C07258D13401F93A372EF314A40	0101000020E6100000C43627FA2F8D134026F87EF4EE314A40	G0363.a54320a77b8549bd9489030204b16fe6	rijbaan regionale weg	E13a	1
121196489404	Silodam	FISCAAL	Haaks	1	0106000020E610000001000000010300000001000000070000003E3B1232F48F1340A997246A1A324A40AA91872EF28F13405A185EF81A324A402522CE4901901340A8E3CD481B324A40C1F037BC039013401DEF7E9F1A324A40F167688DF58F13400BE5B0501A324A401DAA431EF58F13404356CA6E1A324A403E3B1232F48F1340A997246A1A324A40	0101000020E6100000E01C6300FB8F13407AD814CC1A324A40	G0363.8ee8f864e14648699fad0601d1740bc6	transitie	E12b	78
121141489158	Barentszplein	FISCAAL	File	1	0106000020E6100000010000000103000000010000000500000099E24544378F1340E26BB2B4D2314A4045727CF9388F1340BF676620D2314A4079D8452C268F13409AA133CDD1314A404E16D980248F1340B1F64162D2314A4099E24544378F1340E26BB2B4D2314A40	0101000020E6100000E4474AB92E8F13405B631541D2314A40	G0363.5d4eb55eaf6b43d49188bd369b43565c	rijbaan lokale weg	E13a	104
121079489168	Van Neckstraat	FISCAAL	File	1	0106000020E6100000010000000103000000010000000500000018EF946A3B8E1340F9078EBCD5314A40CFF47C48438E134052C7319DD5314A40C0822FB53F8E13403D716843D4314A4048B57DCD378E1340505C0262D4314A4018EF946A3B8E1340F9078EBCD5314A40	0101000020E6100000567BBA8C3D8E1340E402B1FFD4314A40	G0363.3243cedec9b04aa2bcb6c61c139745ee	rijbaan lokale weg	E13a	60
121027489074	Zoutkeetsgracht	FISCAAL	File	1	0106000020E610000001000000010300000001000000050000002EA3D3DA828D1340524FB2CFB9314A4073125AAD838D1340F6EA473BB9314A404E9B3DDC708D13407FF78D14B9314A40DE3B9213708D13401CAFF9A8B9314A402EA3D3DA828D1340524FB2CFB9314A40	0101000020E61000005DFD3ADE798D1340B4751A72B9314A40	G0363.afc19a0f79d14a909d5ca607718bc79d	rijbaan lokale weg	E13a	122
121190489425	Silodam	FISCAAL	Haaks	1	0106000020E610000001000000010300000001000000050000008554CD5BEC8F1340FDBF558121324A4052C1FBB0EE8F1340BFD73DD420324A404B30A25ADE8F134025A41D7F20324A40629297FBDB8F13402037342C21324A408554CD5BEC8F1340FDBF558121324A40	0101000020E6100000E14C4658E58F1340BB953F0021324A40	G0363.8ee8f864e14648699fad0601d1740bc6	transitie	E12b	91
121082489042	Zoutkeetsgracht	FISCAAL	File	1	0106000020E6100000010000000103000000010000000500000083DA6186588E1340A673A383B0314A4074A38CB6598E1340ABF53BB8AF314A40A3B9FB46408E1340A4CF4F85AF314A4067F5F5963F8E1340528CC850B0314A4083DA6186588E1340A673A383B0314A40	0101000020E6100000155D95894C8E1340416B2D04B0314A40	G0363.fe3f9e40a27c4f27946b452b3f1fe973	rijbaan lokale weg	A05d	86
121217489322	Silodam	FISCAAL	Haaks	1	0106000020E610000001000000010300000001000000050000006C1499CE56901340C1D3705A03324A40CFDFE854599013400674E1AE02324A404A2D4D4E479013401D8DB24902324A4051F3A2DB44901340908E05F602324A406C1499CE56901340C1D3705A03324A40	0101000020E61000001940E9124F9013408E2B2ED202324A40	G0363.5249881f858b422ea3264eca651765d9	transitie	E12b	102
121138489151	Barentszplein	FISCAAL	File	1	0106000020E610000001000000010300000001000000060000000CD72BD0168F13400215D974D0314A40A0B7839D298F1340B6EE89C6D0314A404CD797522B8F1340FBEBBF33D0314A400CABEA8D288F13403C8A5027D0314A4003136385188F134082148DE0CF314A400CD72BD0168F13400215D974D0314A40	0101000020E610000078E9020E218F1340AD65CE53D0314A40	G0363.5d4eb55eaf6b43d49188bd369b43565c	rijbaan lokale weg	E13a	92
121190489427	Silodam	FISCAAL	Haaks	1	0106000020E61000000100000001030000000100000005000000E4316910EA8F13406BFA2F2F22324A408554CD5BEC8F1340FDBF558121324A40629297FBDB8F13402037342C21324A404ECF8C9CD98F1340B5C94AD921324A40E4316910EA8F13406BFA2F2F22324A40	0101000020E6100000118F8701E38F13404C1A97AD21324A40	G0363.8ee8f864e14648699fad0601d1740bc6	transitie	E12b	78
121046489132	Barentszstraat	FISCAAL	File	1	0106000020E6100000010000000103000000010000000500000046DA61E0C98D13402AC82FC9CA314A401115C495CB8D134026EE6133CA314A40F1AEBD83B68D13403DF693D7C9314A40144C6CCEB48D1340D9CDA06CCA314A4046DA61E0C98D13402AC82FC9CA314A40	0101000020E610000072383A34C08D1340C8493C50CA314A40	G0363.68e71c18e8b8485799906452adecd9bf	rijbaan lokale weg	E13a	124
121026489253	Van Diemenstraat	MULDER	File	1	0106000020E6100000010000000103000000010000000A0000003289E720528D134093E2E81DEE314A40AD1146DC528D1340AD25411DEE314A40DC7C86C8538D1340450E2621EE314A40D69CC85B548D134050FF0228EE314A40B997CAFC5A8D1340C3FA6486EE314A40B83F65865B8D13405497FD8AEE314A40F8B8FC235C8D1340C2DC948CEE314A40BA4A0DDC828D1340BE80F3EEED314A40B72230FC808D13401916F15DED314A403289E720528D134093E2E81DEE314A40	0101000020E61000001C7EA7A16C8D13405E466CFBED314A40	G0363.a54320a77b8549bd9489030204b16fe6	rijbaan regionale weg	E13a	7
121058489197	Roggeveenstraat	FISCAAL	File	1	0106000020E61000000100000001030000000100000005000000F26E127FE08D1340C1E33072DD314A404DE0880FE28D1340F2A23009DE314A4065792B63F88D13403091FCB3DD314A406A6B65BFF68D1340AD2C7418DD314A40F26E127FE08D1340C1E33072DD314A40	0101000020E6100000716CBA7AEC8D13404508C091DD314A40	G0363.975548f1a072469eae582c874697ca46	rijbaan lokale weg	E13a	78
121124489083	Zoutkeetsgracht	FISCAAL	File	1	0106000020E610000001000000010300000001000000050000009C0E8FACF78E134002E11091BC314A40B1539E81F88E1340AE6800E0BB314A40850C7192E58E1340F6548BBEBB314A40BE2F95BDE48E134044CC586DBC314A409C0E8FACF78E134002E11091BC314A40	0101000020E61000003A53B1A4EE8E134071B64827BC314A40	G0363.a7316b6d62e6444b87e0d9175a700cee	rijbaan lokale weg	E13a	125
121166489044	Zandhoek	MULDER	Haaks	1	0106000020E61000000100000001030000000100000010000000E6C9D0E6898F13400A0FFE44B1314A40946B101A8A8F134012AE272FB1314A40482A19A68A8F134020379C18B1314A40B72E136D8B8F13406AB15B04B1314A403118365B8C8F13401F7724F3B0314A40CC485F708D8F1340308878E6B0314A404087C4A28E8F1340B39195DDB0314A40D694A11F9A8F1340F4072FBAB0314A40B54640349B8F1340D7178BB3B0314A40AF49FB219C8F134074DCD9A6B0314A4053C6E5DE9C8F1340E602DB94B0314A407CAF5D439D8F1340DB3FCC7FB0314A407EF11B599D8F13401FE63069B0314A4043DF6DFD9C8F1340AAAB3D1CB0314A40E62D8BE0888F134014B2BA3DB0314A40E6C9D0E6898F13400A0FFE44B1314A40	0101000020E610000005CC8983928F13405354A282B0314A40	G0363.10a5ef0c3f3f475184bfdaab66b64058	rijbaan lokale weg	A05d	80
121202489172	Barentszplein	FISCAAL	File	1	0106000020E61000000100000001030000000100000005000000F650D232219013405475D31AD7314A40266FD02C239013409997D388D6314A4098A4FEFC0F90134071C19435D6314A4099ACDE470E9013405EDE1FC9D6314A40F650D232219013405475D31AD7314A40	0101000020E61000004852B1A818901340CAA665A8D6314A40	G0363.91a283afd5c744508c1b3a79b60afb26	rijbaan lokale weg	E13a	76
121199489393	Silodam	FISCAAL	Haaks	1	0106000020E610000001000000010300000001000000050000002905A3AD0D901340D06283F617324A40BFAE0834109013403D11334A17324A409B45BDA2009013403F76AFF616324A4054321E3AFE8F134017BDC0A017324A402905A3AD0D901340D06283F617324A40	0101000020E6100000B2EE0E35079013406282137617324A40	G0363.5249881f858b422ea3264eca651765d9	transitie	E12b	73
121182489460	Silodam	FISCAAL	Haaks	1	0106000020E61000000100000001030000000100000005000000211E0AFACA8F134041BA91BC2B324A4015549876CD8F1340E72240102B324A4057E4A43EBB8F13404EF448AA2A324A406BEBF1CBB88F134060DB9B562B324A40211E0AFACA8F134041BA91BC2B324A40	0101000020E61000006C32591FC38F134090EA68332B324A40	G0363.8ee8f864e14648699fad0601d1740bc6	transitie	E12b	80
121081489177	Van Neckstraat	FISCAAL	File	1	0106000020E610000001000000010300000001000000060000000BF9ABE7428E134022A50D89D8314A4099D84DCF4A8E134036B4346BD8314A40674A6D03478E13406B6BBDF4D6314A40E71A62253F8E1340F4AD9B15D7314A40BEA060DA3F8E134098E1D15BD7314A400BF9ABE7428E134022A50D89D8314A40	0101000020E61000002AB326F9448E1340E2CCA6BFD7314A40	G0363.3243cedec9b04aa2bcb6c61c139745ee	rijbaan lokale weg	E13a	65
121091489239	Van Diemenstraat	MULDER	File	1	0106000020E6100000010000000103000000010000000D000000C357393F798E1340F6438009EA314A4089EF42B8778E1340A8E84676E9314A408BA8193A5D8E1340FD6B47DFE9314A405B59D2925D8E1340145D53DFE9314A40A5B079EB5D8E13401B4E20E0E9314A401866453A5E8E134074EBEBE0E9314A408968EE885E8E1340BD8839E3E9314A4009B874D75E8E1340E22509E7E9314A40436AED81658E1340A7FDF149EA314A4057A7AF3C668E1340B7321350EA314A400345A401678E1340A2BB7052EA314A40F1F24964678E13403300BD51EA314A40C357393F798E1340F6438009EA314A40	0101000020E61000001C508F326D8E1340FEF102E9E9314A40	G0363.a54320a77b8549bd9489030204b16fe6	rijbaan regionale weg	E13a	4
121183489455	Silodam	FISCAAL	Haaks	1	0106000020E61000000100000001030000000100000005000000BAD4F0FCCF8F1340C4DDB0642A324A40E2609C97D28F1340073E5BB229324A40C414EB0FC08F1340F27E265629324A4011B757B1BD8F1340CC0CF6FD29324A40BAD4F0FCCF8F1340C4DDB0642A324A40	0101000020E610000007737E2EC88F134097F73DDB29324A40	G0363.8ee8f864e14648699fad0601d1740bc6	transitie	E12b	87
121074489173	Van Neckstraat	FISCAAL	File	1	0106000020E61000000100000001030000000100000007000000E67A9389318E134040284240D7314A405C7AAD862F8E1340AC85397ED6314A4064D5BE862F8E1340B785787DD6314A40B28D78702D8E1340663BA8B7D5314A40E22D8EEB258E1340FD620CD4D5314A402BA6BBFA298E134004FE655DD7314A40E67A9389318E134040284240D7314A40	0101000020E6100000519670B92B8E1340D868818AD6314A40	G0363.3243cedec9b04aa2bcb6c61c139745ee	rijbaan lokale weg	E13a	60
121036489250	Van Diemenstraat	MULDER	File	1	0106000020E6100000010000000103000000010000000B000000BA4A0DDC828D1340BE80F3EEED314A408955F66BA88D13409AE2AF55ED314A40F0623B59A98D13409BC6454EED314A40C4D0FBEDA98D13406DB58C44ED314A40AEA971BFAA8D1340339E8429ED314A40E478F319AE8D1340D2E9D8B2EC314A40C251587DAE8D1340BC33DAA9EC314A40B0E57539AF8D1340D072E7A0EC314A401FABE2B9AF8D1340AEB8F49DEC314A40B72230FC808D13401916F15DED314A40BA4A0DDC828D1340BE80F3EEED314A40	0101000020E6100000A92B350E978D13401AF3BF4DED314A40	G0363.a54320a77b8549bd9489030204b16fe6	rijbaan regionale weg	E13a	3
121187489169	Barentszplein	FISCAAL	File	1	0106000020E6100000010000000103000000010000000600000041EEE240E88F1340CDCA6E23D6314A4081F116ECE98F1340935FA390D5314A4034867FEDD68F1340A3DC2B3ED5314A40740B4B42D58F1340B445F7D0D5314A40BE828D23E58F13407FA43216D6314A4041EEE240E88F1340CDCA6E23D6314A40	0101000020E6100000C9168097DF8F13403610E1B0D5314A40	G0363.91a283afd5c744508c1b3a79b60afb26	rijbaan lokale weg	E13a	122
121082489211	Van Neckstraat	FISCAAL	File	1	0106000020E61000000100000001030000000100000005000000BE62EA994F8E1340E48D5C84E2314A40CECEF9B94B8E134022A0A711E1314A4037F09E03448E13400734872FE1314A409C69B3D9478E13400FD03AA2E2314A40BE62EA994F8E1340E48D5C84E2314A40	0101000020E61000009431C3CC498E1340851D17DAE1314A40	G0363.3243cedec9b04aa2bcb6c61c139745ee	rijbaan lokale weg	E13a	65
121049489077	Zoutkeetsgracht	FISCAAL	File	1	0106000020E61000000100000001030000000100000005000000145070C8D68D1340A20DD074BA314A4005AA847DD78D13408BA8DFDEB9314A40DC6AE8A1C38D13408241C7BBB9314A4094A707EDC28D1340BAA5744FBA314A40145070C8D68D1340A20DD074BA314A40	0101000020E6100000F4849A3BCD8D13407422C817BA314A40	G0363.afc19a0f79d14a909d5ca607718bc79d	rijbaan lokale weg	E13a	125
